-- MySQL dump 10.13  Distrib 5.5.40, for debian-linux-gnu (x86_64)
--
-- Host: mysql.server    Database: byrenx$rbmo
-- ------------------------------------------------------
-- Server version	5.1.73-log

/*!40101 SET @OLD_CHARACTER_SET_CLIENT=@@CHARACTER_SET_CLIENT */;
/*!40101 SET @OLD_CHARACTER_SET_RESULTS=@@CHARACTER_SET_RESULTS */;
/*!40101 SET @OLD_COLLATION_CONNECTION=@@COLLATION_CONNECTION */;
/*!40101 SET NAMES utf8 */;
/*!40103 SET @OLD_TIME_ZONE=@@TIME_ZONE */;
/*!40103 SET TIME_ZONE='+00:00' */;
/*!40014 SET @OLD_UNIQUE_CHECKS=@@UNIQUE_CHECKS, UNIQUE_CHECKS=0 */;
/*!40014 SET @OLD_FOREIGN_KEY_CHECKS=@@FOREIGN_KEY_CHECKS, FOREIGN_KEY_CHECKS=0 */;
/*!40101 SET @OLD_SQL_MODE=@@SQL_MODE, SQL_MODE='NO_AUTO_VALUE_ON_ZERO' */;
/*!40111 SET @OLD_SQL_NOTES=@@SQL_NOTES, SQL_NOTES=0 */;

--
-- Current Database: `byrenx$rbmo`
--

CREATE DATABASE /*!32312 IF NOT EXISTS*/ `byrenx$rbmo` /*!40100 DEFAULT CHARACTER SET utf8 */;

USE `byrenx$rbmo`;

--
-- Table structure for table `agency`
--

DROP TABLE IF EXISTS `agency`;
/*!40101 SET @saved_cs_client     = @@character_set_client */;
/*!40101 SET character_set_client = utf8 */;
CREATE TABLE `agency` (
  `id` int(11) NOT NULL AUTO_INCREMENT,
  `name` varchar(200) NOT NULL,
  `sector_id` int(11) NOT NULL,
  `email` varchar(75) NOT NULL,
  `acces_key` varchar(150) NOT NULL,
  `a_type` int(11) DEFAULT '1',
  `parent_key` int(11) DEFAULT '0',
  PRIMARY KEY (`id`),
  KEY `agency_94c48b8` (`sector_id`),
  CONSTRAINT `sector_id_refs_id_47930c10` FOREIGN KEY (`sector_id`) REFERENCES `sector` (`id`)
) ENGINE=InnoDB AUTO_INCREMENT=59 DEFAULT CHARSET=utf8;
/*!40101 SET character_set_client = @saved_cs_client */;

--
-- Dumping data for table `agency`
--

LOCK TABLES `agency` WRITE;
/*!40000 ALTER TABLE `agency` DISABLE KEYS */;
INSERT INTO `agency` VALUES (1,'TESDA',5,'tesda@gmail.com','5994471abb01112afcc18159f6cc74b4f511b99806da59b3caf5a9c173cacfc5',2,0),(2,'Regional Budget and Management Office - ARMM',3,'rbmo.armm@yahoo.com','5994471abb01112afcc18159f6cc74b4f511b99806da59b3caf5a9c173cacfc5',1,0),(3,'Bureau on Cultural Heritage - ARMM',6,'bch.armm@yahoo.com','5994471abb01112afcc18159f6cc74b4f511b99806da59b3caf5a9c173cacfc5',1,0),(4,'ARMM Development Academy',6,'ada.armm@yahho.com','5994471abb01112afcc18159f6cc74b4f511b99806da59b3caf5a9c173cacfc5',1,0),(5,'DOTC - Civil Aviation Authority of the Philippines',9,'caap@yahoo.com','5994471abb01112afcc18159f6cc74b4f511b99806da59b3caf5a9c173cacfc5',2,35),(6,'Office for Southern Cultural Communities',6,'OSCC@yahoo.com','5994471abb01112afcc18159f6cc74b4f511b99806da59b3caf5a9c173cacfc5',2,0),(7,'Housing and Land Use Regulatory Board',10,'HLURB@yahoo.com','5994471abb01112afcc18159f6cc74b4f511b99806da59b3caf5a9c173cacfc5',2,0),(8,'Department of Science and Technology-ARMM',5,'DOST@yahoo.com','5994471abb01112afcc18159f6cc74b4f511b99806da59b3caf5a9c173cacfc5',2,0),(9,'Cooperative Development Authority',6,'CDA@yahoo.com','5994471abb01112afcc18159f6cc74b4f511b99806da59b3caf5a9c173cacfc5',2,0),(10,'Coordinating and Development Office on Bangsamoro Youth Affairs',6,'CDOBYA@yahoo.com','5994471abb01112afcc18159f6cc74b4f511b99806da59b3caf5a9c173cacfc5',1,0),(11,'z',10,'RPF@yahoo.com','5994471abb01112afcc18159f6cc74b4f511b99806da59b3caf5a9c173cacfc5',1,0),(12,'Office of the Regional Vice Governor',3,'ORG@yahoo.com','5994471abb01112afcc18159f6cc74b4f511b99806da59b3caf5a9c173cacfc5',2,0),(13,'ORG - Administration of the Blue Mosque',1,'ABM@yahoo.com','5994471abb01112afcc18159f6cc74b4f511b99806da59b3caf5a9c173cacfc5',2,21),(14,'ORG - Office of the Deputy Governors',3,'ODG@yahoo.com','5994471abb01112afcc18159f6cc74b4f511b99806da59b3caf5a9c173cacfc5',2,21),(15,'ORG - Office of the Executive Secretary',3,'OESec@yahoo.com','5994471abb01112afcc18159f6cc74b4f511b99806da59b3caf5a9c173cacfc5',2,21),(16,'ORG - Office of the Cabinet Secretary',3,'CabSec@yahoo.com','5994471abb01112afcc18159f6cc74b4f511b99806da59b3caf5a9c173cacfc5',2,21),(17,'ORG - Office of the Chief Staff',3,'ChiefStaff@yahoo.com','5994471abb01112afcc18159f6cc74b4f511b99806da59b3caf5a9c173cacfc5',2,21),(18,'ORG - Administrative Management Service',3,'AMS@yahoo.com','5994471abb01112afcc18159f6cc74b4f511b99806da59b3caf5a9c173cacfc5',2,21),(19,'ORG - Finance and Budget Management Services',3,'FBMS@yahoo.com','5994471abb01112afcc18159f6cc74b4f511b99806da59b3caf5a9c173cacfc5',2,21),(20,'ORG- Intelligence Security Services',6,'ISS@yahoo.com','5994471abb01112afcc18159f6cc74b4f511b99806da59b3caf5a9c173cacfc5',2,21),(21,'Office of the Regional Governor - ARMM',3,'org.armm@yahoo.com','5994471abb01112afcc18159f6cc74b4f511b99806da59b3caf5a9c173cacfc5',2,0),(22,'ORG - ARMM Regional Library',5,'arl@yahoo.com','5994471abb01112afcc18159f6cc74b4f511b99806da59b3caf5a9c173cacfc5',2,21),(23,'Regional Human Rights Commission ',6,'rhrc.armm@yahoo.com','5994471abb01112afcc18159f6cc74b4f511b99806da59b3caf5a9c173cacfc5',2,0),(24,'Regional Planning and Development Office',3,'rpdo.armm@yahoo.com','5994471abb01112afcc18159f6cc74b4f511b99806da59b3caf5a9c173cacfc5',2,0),(25,'Office of the Regional Treasurer',3,'ort.armm@yahoo.com','5994471abb01112afcc18159f6cc74b4f511b99806da59b3caf5a9c173cacfc5',2,0),(26,'Regional Sports and Coordinating Office',5,'rsco.armm@yahoo.com','5994471abb01112afcc18159f6cc74b4f511b99806da59b3caf5a9c173cacfc5',1,0),(27,'Department of Labor and Employment',7,'dole@yahoo.com','5994471abb01112afcc18159f6cc74b4f511b99806da59b3caf5a9c173cacfc5',2,0),(28,'Bureau of Public Information',9,'bpi.armm@yahoo.com','5994471abb01112afcc18159f6cc74b4f511b99806da59b3caf5a9c173cacfc5',1,0),(29,'Southern Philippine Development Authority',10,'spda.armm@yahoo.com','5994471abb01112afcc18159f6cc74b4f511b99806da59b3caf5a9c173cacfc5',1,0),(30,'Regional Ports Management Authority',10,'Rpma@yahoo.com','5994471abb01112afcc18159f6cc74b4f511b99806da59b3caf5a9c173cacfc5',1,0),(31,'z',5,'oscc@yahoo.com','5994471abb01112afcc18159f6cc74b4f511b99806da59b3caf5a9c173cacfc5',1,0),(32,'Regional Reconciliation and Unification Commission',7,'rruc.armm@yahoo.com','5994471abb01112afcc18159f6cc74b4f511b99806da59b3caf5a9c173cacfc5',1,0),(33,'z',6,'d@yahoo.com','5994471abb01112afcc18159f6cc74b4f511b99806da59b3caf5a9c173cacfc5',1,0),(34,'DOTC - Maritime Industry Authority',9,'marina.armm@yahoo.com','5994471abb01112afcc18159f6cc74b4f511b99806da59b3caf5a9c173cacfc5',2,35),(35,'Department of Transportation and Communication',9,'dotc.armm@yahoo.com','5994471abb01112afcc18159f6cc74b4f511b99806da59b3caf5a9c173cacfc5',2,0),(36,'Department of Social Welfare and Development-OS',6,'dswdOS.armm@yahoo.com','5994471abb01112afcc18159f6cc74b4f511b99806da59b3caf5a9c173cacfc5',2,0),(37,'Department of Social Welfare and Development - ASECO',6,'dswdASECO.armm@yahoo.com','5994471abb01112afcc18159f6cc74b4f511b99806da59b3caf5a9c173cacfc5',2,0),(38,'Department of Environment and Natural Resources',1,'denrarmm@gmail.com','5994471abb01112afcc18159f6cc74b4f511b99806da59b3caf5a9c173cacfc5',2,0),(39,'DOTC- National Telecommunication Commission',9,'ntcarmm@gmail.com','5994471abb01112afcc18159f6cc74b4f511b99806da59b3caf5a9c173cacfc5',2,35),(40,'Department of Interior and Local Government',3,'dilgarmm@gmail.com','5994471abb01112afcc18159f6cc74b4f511b99806da59b3caf5a9c173cacfc5',2,0),(41,'Department of Trade and Industry',8,'dtiarmm@gmail.com','5994471abb01112afcc18159f6cc74b4f511b99806da59b3caf5a9c173cacfc5',2,0),(42,'Department of Labor and Employment - POEA',7,'poeaarmm@gmail.com','5994471abb01112afcc18159f6cc74b4f511b99806da59b3caf5a9c173cacfc5',2,27),(43,'DOTC - Land Transportation Franchinsing & Regulatory Board',9,'ltfrbarmm@gmail.com','5994471abb01112afcc18159f6cc74b4f511b99806da59b3caf5a9c173cacfc5',2,35),(44,'Regional Economic Zone Authority',8,'rezaarmm@gmail.com','5994471abb01112afcc18159f6cc74b4f511b99806da59b3caf5a9c173cacfc5',1,0),(45,'Department of Labor and Employment - OWWA',7,'owwa_armm@yahoo.com','5994471abb01112afcc18159f6cc74b4f511b99806da59b3caf5a9c173cacfc5',2,27),(46,'DOTC - Land Transportation Office',9,'lto.armm@yahoo.com','5994471abb01112afcc18159f6cc74b4f511b99806da59b3caf5a9c173cacfc5',2,35),(47,'Department of Labor and Employment - RTWPB',3,'rtwpb.armm@yahoo.com','5994471abb01112afcc18159f6cc74b4f511b99806da59b3caf5a9c173cacfc5',2,27),(49,'z',9,'marinadotc.armm@yahoo.com','5994471abb01112afcc18159f6cc74b4f511b99806da59b3caf5a9c173cacfc5',1,0),(50,'z',9,'dotc.armm@gmail.com','5994471abb01112afcc18159f6cc74b4f511b99806da59b3caf5a9c173cacfc5',1,0),(51,'Regional Board of Investments-ARMM',8,'rboi.armm@yahoo.com','5994471abb01112afcc18159f6cc74b4f511b99806da59b3caf5a9c173cacfc5',2,0),(52,'Regional Housing and Rural Development Authority-PMO',10,'rhrda.armm@yahoo.com','5994471abb01112afcc18159f6cc74b4f511b99806da59b3caf5a9c173cacfc5',1,0),(53,'Office of the Attorney General-ARMM',3,'oag.armm@yahoo.com','5994471abb01112afcc18159f6cc74b4f511b99806da59b3caf5a9c173cacfc5',1,0),(54,'ORG -Manila Liaison Office',3,'orgmlo@yahoo.com','5994471abb01112afcc18159f6cc74b4f511b99806da59b3caf5a9c173cacfc5',2,21),(55,'Department of Tourism',5,'dot.armm@yahoo.com','5994471abb01112afcc18159f6cc74b4f511b99806da59b3caf5a9c173cacfc5',2,0),(56,'DOTC - Civil Aeronautics Board ',9,'dotc.cab@yahoo.com','5994471abb01112afcc18159f6cc74b4f511b99806da59b3caf5a9c173cacfc5',2,35),(57,'Department of Agrarian Reform',1,'dar.armm@yahoo.com','5994471abb01112afcc18159f6cc74b4f511b99806da59b3caf5a9c173cacfc5',2,0),(58,'BME- Bureau of Madaris Education',5,'madaris_bme@gmail.com','02dfeff0d45ef851ad71848497a2f68e1a31e606139bfd1fda7b98073a73536a',1,0);
/*!40000 ALTER TABLE `agency` ENABLE KEYS */;
UNLOCK TABLES;

--
-- Table structure for table `allotmentreleases`
--

DROP TABLE IF EXISTS `allotmentreleases`;
/*!40101 SET @saved_cs_client     = @@character_set_client */;
/*!40101 SET character_set_client = utf8 */;
CREATE TABLE `allotmentreleases` (
  `id` int(11) NOT NULL AUTO_INCREMENT,
  `year` int(11) NOT NULL,
  `agency_id` int(11) NOT NULL,
  `allocation` varchar(4) NOT NULL,
  `ada_no` varchar(5) NOT NULL,
  `date_release` date NOT NULL,
  `month` int(11) NOT NULL,
  `amount_release` decimal(15,2) NOT NULL,
  `user_id` int(11) NOT NULL,
  PRIMARY KEY (`id`),
  KEY `allotmentreleases_b162e9d` (`agency_id`),
  KEY `allotmentreleases_fbfc09f1` (`user_id`),
  CONSTRAINT `agency_id_refs_id_12b7d33b` FOREIGN KEY (`agency_id`) REFERENCES `agency` (`id`),
  CONSTRAINT `user_id_refs_id_a4cb2085` FOREIGN KEY (`user_id`) REFERENCES `auth_user` (`id`)
) ENGINE=InnoDB AUTO_INCREMENT=432 DEFAULT CHARSET=utf8;
/*!40101 SET character_set_client = @saved_cs_client */;

--
-- Dumping data for table `allotmentreleases`
--

LOCK TABLES `allotmentreleases` WRITE;
/*!40000 ALTER TABLE `allotmentreleases` DISABLE KEYS */;
INSERT INTO `allotmentreleases` VALUES (1,2014,2,'PS','19','2014-01-28',1,92728.00,3),(3,2014,2,'PS','48','2014-02-03',1,416960.00,3),(4,2014,2,'PS','110','2014-02-21',2,579800.00,3),(5,2014,2,'PS','154','2014-03-13',3,597800.00,3),(6,2014,26,'PS','56','2014-08-19',2,155630.00,3),(7,2014,26,'PS','154','2014-08-19',3,77815.00,3),(8,2014,26,'PS','178','2014-08-19',3,255000.00,3),(9,2014,26,'PS','178','2014-08-19',2,255000.00,3),(10,2014,26,'PS','178','2014-08-19',1,255000.00,3),(11,2014,26,'PS','225','2014-08-19',4,381944.00,3),(12,2014,26,'PS','303','2014-08-19',5,474289.00,3),(13,2014,26,'PS','420','2014-08-19',7,66944.00,3),(14,2014,26,'PS','432','2014-08-19',7,255000.00,3),(15,2014,25,'PS','23','2014-01-21',1,1000000.00,3),(16,2014,25,'PS','181','2014-03-20',3,1300000.00,3),(17,2014,25,'PS','389','2014-07-01',6,1187330.00,3),(18,2014,3,'PS','19','2014-01-28',1,246158.00,3),(19,2014,25,'MOOE','389','2014-07-01',6,366730.00,3),(20,2014,25,'MOOE','244','2014-04-15',4,248230.00,3),(21,2014,29,'PS','130','2014-02-28',2,80000.00,3),(22,2014,29,'PS','154','2014-03-13',3,116116.00,3),(23,2014,29,'PS','225','2014-04-11',4,116116.00,3),(24,2014,29,'PS','124','2014-08-19',1,76116.00,3),(25,2014,29,'PS','0','2014-08-19',2,76116.00,3),(26,2014,29,'PS','302','2014-05-22',5,116116.00,3),(27,2014,29,'PS','421','2014-07-17',7,116116.00,3),(28,2014,32,'PS','74','2014-02-12',2,89728.00,3),(29,2014,32,'PS','91','2014-02-19',2,89728.00,3),(30,2014,32,'PS','110','2014-02-21',2,89728.00,3),(31,2014,32,'PS','154','2014-03-13',3,365966.00,3),(32,2014,32,'PS','225','2014-04-11',4,141728.00,3),(33,2014,32,'PS','248','2014-04-22',4,365966.00,3),(34,2014,32,'PS','257','2014-04-24',4,26000.00,3),(35,2014,32,'PS','130','2014-08-19',1,365966.00,3),(36,2014,32,'PS','330','2014-05-22',5,708140.00,3),(37,2014,32,'PS','421','2014-07-17',7,455694.00,3),(38,2014,32,'MOOE','28','2014-02-03',1,46875.00,3),(39,2014,32,'MOOE','56','2014-02-10',1,36458.00,3),(40,2014,32,'MOOE','193','2014-04-02',3,543333.00,3),(41,2014,32,'MOOE','217','2014-04-03',2,600000.00,3),(42,2014,10,'PS','19','2014-01-28',1,82191.00,3),(43,2014,10,'PS','154','2014-03-13',3,82729.00,3),(44,2014,10,'PS','143','2014-03-10',2,82729.00,3),(45,2014,10,'PS','225','2014-04-11',4,107629.00,3),(46,2014,10,'PS','256','2014-04-24',4,109665.00,3),(47,2014,10,'PS','185','2014-08-19',1,109665.00,3),(48,2014,10,'PS','0','2014-08-19',2,10966533.00,3),(49,2014,10,'PS','0','2014-08-19',3,10966533.00,3),(50,2014,10,'PS','303','2014-05-22',5,260180.00,3),(51,2014,10,'PS','421','2014-07-17',7,82728.00,3),(52,2014,10,'PS','437','2014-07-25',7,109666.00,3),(53,2014,10,'MOOE','28','2014-02-03',1,181681.00,3),(54,2014,10,'PS','194','2014-08-19',3,726725.00,3),(55,2014,10,'PS','217','2014-08-19',2,726725.00,3),(56,2014,10,'MOOE','323','2014-05-22',4,726725.00,3),(57,2014,10,'MOOE','194','2014-04-02',3,726725.00,3),(58,2014,10,'MOOE','217','2014-04-03',2,726725.00,3),(60,2014,43,'PS','190','2014-08-19',1,68000.00,3),(61,2014,43,'PS','190','2014-08-19',2,68000.00,3),(62,2014,43,'PS','190','2014-08-19',3,68000.00,3),(63,2014,43,'PS','309','2014-08-19',5,68000.00,3),(64,2014,43,'MOOE','31','2014-08-19',2,1750.00,3),(65,2014,43,'MOOE','406','2014-07-17',6,7000.00,3),(66,2014,3,'PS','127','2014-08-20',2,145650.00,3),(67,2014,3,'PS','135','2014-03-03',3,136993.00,3),(68,2014,3,'PS','139','2014-03-04',3,374000.00,3),(69,2014,28,'PS','13','2014-01-21',1,153400.00,3),(70,2014,28,'PS','92','2014-02-19',2,199000.00,3),(71,2014,28,'PS','110','2014-02-21',2,445364.00,3),(72,2014,28,'PS','107','2014-02-21',2,92964.00,3),(73,2014,28,'PS','153','2014-03-13',3,465364.00,3),(74,2014,28,'PS','223','2014-04-11',4,485364.00,3),(75,2014,28,'PS','302','2014-05-22',5,603188.00,3),(76,2014,28,'PS','420','2014-07-17',7,267990.00,3),(77,2014,28,'PS','429','2014-07-18',7,199000.00,3),(78,2014,28,'MOOE','27','2014-02-03',1,109636.00,3),(79,2014,28,'MOOE','56','2014-02-10',1,331364.00,3),(80,2014,28,'MOOE','144','2014-03-12',2,521000.00,3),(81,2014,28,'MOOE','193','2014-04-02',3,836000.00,3),(82,2014,28,'MOOE','263','2014-04-25',4,296000.00,3),(83,2014,28,'MOOE','336','2014-06-05',5,576511.00,3),(84,2014,28,'MOOE','393','2014-07-01',6,441000.00,3),(85,2014,24,'PS','80','2014-02-17',1,204000.00,3),(86,2014,24,'PS','114','2014-02-21',2,204000.00,3),(87,2014,24,'PS','133','2014-02-28',2,28000.00,3),(88,2014,24,'PS','162','2014-03-13',3,232000.00,3),(89,2014,24,'PS','229','2014-04-11',4,232000.00,3),(90,2014,24,'PS','312','2014-05-22',5,232000.00,3),(91,2014,24,'MOOE','266','2014-08-21',5,55826.00,3),(109,2014,2,'PS','223','2014-04-11',4,624800.00,3),(110,2014,2,'PS','303','2014-05-22',5,737808.00,3),(111,2014,5,'PS','159','2014-03-13',3,64000.00,3),(112,2014,5,'PS','228','2014-04-11',4,64000.00,3),(113,2014,5,'PS','309','2014-05-22',5,64000.00,3),(114,2014,6,'PS','21','2014-08-21',1,154807.00,3),(115,2014,6,'PS','138','2014-08-21',2,154807.00,3),(116,2014,6,'PS','166','2014-08-21',3,154807.00,3),(117,2014,6,'PS','318','2014-08-21',5,154807.00,3),(118,2014,6,'MOOE','24','2014-08-21',1,30000.00,3),(119,2014,6,'MOOE','45','2014-08-21',1,6000.00,3),(125,2014,33,'PS','161','2014-03-13',3,203000.00,3),(126,2014,33,'PS','113','2014-02-12',2,203000.00,3),(127,2014,33,'PS','255','2014-04-24',4,150000.00,3),(128,2014,33,'PS','24','2014-08-21',4,150000.00,3),(129,2014,33,'PS','311','2014-05-22',5,150000.00,3),(130,2014,33,'MOOE','33','2014-02-03',1,140500.00,3),(131,2014,33,'MOOE','405','2014-07-07',6,140500.00,3),(133,2014,35,'PS','77','2014-02-12',1,119750.00,3),(134,2014,35,'PS','111','2014-02-21',2,119750.00,3),(135,2014,35,'PS','159','2014-03-13',3,134750.00,3),(136,2014,35,'PS','228','2014-04-11',4,154750.00,3),(137,2014,35,'PS','309','2014-05-22',5,174750.00,3),(138,2014,35,'PS','426','2014-07-17',7,116000.00,3),(139,2014,36,'PS','188','2014-03-24',3,332000.00,3),(140,2014,36,'PS','236','2014-04-11',4,166000.00,3),(141,2014,36,'PS','188','2014-03-24',1,166000.00,3),(142,2014,36,'PS','320','2014-05-22',5,166000.00,3),(143,2014,36,'MOOE','42','2014-02-03',1,62500.00,3),(144,2014,37,'PS','120','2014-02-21',2,222000.00,3),(145,2014,37,'PS','51','2014-02-06',2,222000.00,3),(146,2014,37,'PS','168','2014-03-13',3,222000.00,3),(147,2014,37,'MOOE','42','2014-02-03',1,27795.00,3),(148,2014,37,'MOOE','61','2014-02-10',1,87765.00,3),(149,2014,44,'PS','20','2014-01-28',1,90990.00,3),(150,2014,44,'PS','126','2014-02-25',2,90728.00,3),(151,2014,44,'PS','125','2014-02-25',2,216000.00,3),(152,2014,44,'PS','155','2014-08-21',3,118992.00,3),(153,2014,44,'PS','238','2014-04-11',4,162860.00,3),(154,2014,44,'PS','304','2014-05-22',5,191695.00,3),(155,2014,44,'PS','305','2014-05-22',5,691520.00,3),(156,2014,44,'PS','422','2014-07-11',7,157860.00,3),(157,2014,30,'PS','156','2014-03-13',3,403968.00,3),(158,2014,30,'PS','240','2014-04-11',4,305779.00,3),(159,2014,30,'PS','306','2014-05-22',5,464586.00,3),(160,2014,30,'PS','325','2014-05-27',1,244174.00,3),(161,2014,30,'PS','423','2014-07-17',7,255779.00,3),(162,2014,30,'PS','438','2014-07-25',7,235097.00,3),(163,2014,30,'MOOE','99','2014-02-21',2,127600.00,3),(164,2014,30,'MOOE','196','2014-04-02',4,39292.00,3),(165,2014,30,'MOOE','289','2014-05-07',4,56084.00,3),(166,2014,30,'MOOE','396','2014-07-01',6,78584.00,3),(167,2014,3,'PS','127','2014-02-25',2,235158.00,3),(168,2014,3,'PS','210','2014-04-03',4,145120.00,3),(169,2014,3,'PS','154','2014-03-13',3,447058.00,3),(170,2014,3,'PS','225','2014-04-11',4,590416.00,3),(171,2014,3,'PS','303','2014-05-22',5,738081.00,3),(172,2014,3,'PS','420','2014-07-17',7,343416.00,3),(173,2014,2,'PS','417','2014-07-14',7,579800.00,3),(174,2014,4,'PS','74','2014-02-12',1,295459.00,3),(175,2014,4,'PS','109','2014-02-12',2,295459.00,3),(176,2014,4,'PS','153','2014-03-13',3,333459.00,3),(177,2014,4,'PS','223','2014-04-11',4,390459.00,3),(178,2014,4,'PS','302','2014-05-22',5,326974.00,3),(179,2014,4,'PS','420','2014-07-17',7,101459.00,3),(180,2014,4,'PS','437','2014-07-25',7,194000.00,3),(181,2014,4,'MOOE','28','2014-02-03',1,424512.00,3),(182,2014,4,'MOOE','144','2014-03-12',2,551363.00,3),(183,2014,4,'MOOE','249','2014-04-22',3,662213.00,3),(184,2014,4,'MOOE','336','2014-06-05',5,261363.00,3),(185,2014,25,'PS','121','2014-02-21',2,1203000.00,3),(186,2014,25,'PS','243','2014-04-11',4,1382330.00,3),(187,2014,25,'MOOE','182','2014-03-20',3,370000.00,3),(188,2014,25,'MOOE','435','2014-07-24',7,366730.00,3),(189,2014,25,'PS','435','2014-07-24',7,1187330.00,3),(190,2014,35,'MOOE','339','2014-06-05',5,28000.00,3),(191,2014,5,'PS','134','2014-03-03',3,128000.00,3),(192,2014,5,'MOOE','31','2014-02-03',2,25000.00,3),(193,2014,46,'MOOE','31','2014-02-03',2,98000.00,3),(194,2014,46,'MOOE','216','2014-04-03',2,70500.00,3),(195,2014,46,'MOOE','331','2014-05-28',5,75000.00,3),(196,2014,46,'MOOE','339','2014-06-05',5,68000.00,3),(201,2014,7,'PS','82','2014-02-17',1,82000.00,3),(202,2014,7,'PS','118','2014-02-21',2,82000.00,3),(203,2014,7,'PS','165','2014-03-13',3,90000.00,3),(204,2014,7,'PS','234','2014-04-11',4,102000.00,3),(205,2014,7,'PS','317','2014-05-22',5,124439.00,3),(206,2014,7,'PS','441','2014-07-30',7,82000.00,3),(207,2014,1,'MOOE','43','2014-02-03',1,20833.00,3),(208,2014,1,'MOOE','208','2014-04-02',3,179167.00,3),(211,2014,2,'MOOE','3','2014-01-07',1,200000.00,3),(212,2014,2,'MOOE','98','2014-02-12',2,603793.50,3),(213,2014,2,'MOOE','193','2014-04-02',3,678943.00,3),(214,2014,2,'MOOE','263','2014-04-25',4,702798.00,3),(215,2014,2,'MOOE','393','2014-07-01',6,427250.00,3),(216,2014,51,'PS','93','2014-02-19',1,85500.00,3),(217,2014,51,'PS','119','2014-02-21',2,85500.00,3),(218,2014,51,'PS','167','2014-03-13',3,85500.00,3),(219,2014,51,'PS','258','2014-04-24',4,85500.00,3),(220,2014,51,'PS','319','2014-05-22',5,85500.00,3),(221,2014,51,'PS','428','2014-07-17',7,85500.00,3),(222,2014,51,'MOOE','41','2014-02-03',1,83333.00,3),(223,2014,51,'MOOE','105','2014-02-21',2,83333.00,3),(224,2014,51,'MOOE','206','2014-04-02',3,83333.00,3),(225,2014,51,'MOOE','265','2014-04-25',4,83333.00,3),(226,2014,51,'MOOE','348','2014-06-05',5,83333.00,3),(227,2014,51,'MOOE','413','2014-07-07',6,83333.00,3),(228,2014,52,'PS','79','2014-02-14',2,242204.00,3),(229,2014,52,'PS','251','2014-04-02',3,148602.50,3),(230,2014,52,'PS','251','2014-04-30',4,148602.50,3),(231,2014,52,'PS','322','2014-05-22',5,183602.00,3),(232,2014,52,'PS','436','2014-07-24',7,107102.00,3),(233,2014,52,'MOOE','57','2014-02-10',1,68833.33,3),(234,2014,52,'MOOE','252','2014-04-10',3,107583.50,3),(235,2014,52,'MOOE','252','2014-05-12',4,107583.50,3),(236,2014,52,'MOOE','436','2014-07-24',7,114983.00,3),(242,2014,8,'MOOE','60','2014-02-10',1,417000.00,4),(243,2014,8,'MOOE','147','2014-03-12',2,417000.00,3),(244,2014,8,'MOOE','203','2014-04-02',3,417000.00,3),(245,2014,8,'MOOE','264','2014-04-25',4,417000.00,3),(246,2014,8,'MOOE','346','2014-06-05',5,417000.00,3),(247,2014,8,'MOOE','411','2014-07-07',6,417000.00,3),(248,2014,53,'PS','19','2014-01-28',1,179061.00,3),(249,2014,53,'PS','88','2014-02-18',1,179000.00,3),(250,2014,53,'PS','109','2014-02-21',2,358061.00,3),(251,2014,53,'PS','175','2014-03-13',2,26971.00,3),(252,2014,53,'PS','153','2014-03-13',3,364061.00,3),(253,2014,53,'PS','223','2014-04-11',4,400061.00,3),(254,2014,53,'PS','302','2014-05-22',5,463341.00,3),(255,2014,53,'PS','420','2014-07-17',7,179061.00,3),(257,2014,13,'MOOE','16','2014-01-27',1,70834.00,3),(258,2014,13,'MOOE','96','2014-02-21',2,70833.00,3),(259,2014,13,'MOOE','171','2014-03-13',3,70833.00,3),(260,2014,13,'MOOE','241','2014-04-14',4,70833.00,3),(261,2014,13,'MOOE','278','2014-05-05',5,70833.00,3),(262,2014,13,'MOOE','349','2014-06-06',6,70833.00,3),(263,2014,13,'MOOE','403','2014-07-02',7,70833.00,3),(264,2014,38,'MOOE','253','2014-04-23',1,135666.67,3),(265,2014,38,'MOOE','253','2014-04-23',2,135666.67,3),(266,2014,38,'MOOE','253','2014-04-23',3,135666.67,3),(267,2014,38,'MOOE','267','2014-04-25',4,334000.00,3),(268,2014,38,'PS','330','2014-05-28',5,844878.00,3),(269,2014,38,'PS','330','2014-05-28',6,145650.00,3),(270,2014,38,'MOOE','408','2014-07-07',6,536000.00,3),(274,2014,27,'MOOE','36','2014-02-03',1,103333.00,3),(275,2014,27,'PS','76','2014-02-12',1,112000.00,3),(276,2014,27,'PS','115','2014-02-21',2,112000.00,3),(277,2014,27,'MOOE','180','2014-03-20',2,103333.00,3),(278,2014,27,'PS','163','2014-03-13',3,112000.00,3),(279,2014,27,'MOOE','199','2014-04-02',3,103333.00,3),(280,2014,27,'PS','230','2014-04-11',4,112000.00,3),(281,2014,27,'MOOE','332','2014-05-28',4,173333.00,3),(282,2014,27,'MOOE','343','2014-06-05',5,103333.00,3),(283,2014,27,'PS','433','2014-07-23',7,112000.00,3),(284,2014,27,'PS','313','2014-05-22',5,112000.00,3),(285,2014,18,'MOOE','17','2014-01-27',1,166667.00,3),(286,2014,18,'MOOE','97','2014-02-21',2,166667.00,3),(287,2014,18,'MOOE','172','2014-03-13',3,166667.00,3),(288,2014,18,'MOOE','242','2014-04-14',4,166667.00,3),(289,2014,18,'MOOE','279','2014-05-05',5,166667.00,3),(290,2014,18,'MOOE','350','2014-06-06',6,166667.00,3),(291,2014,18,'MOOE','404','2014-07-02',7,166667.00,3),(292,2014,19,'MOOE','17','2014-01-27',1,160000.00,3),(293,2014,19,'MOOE','97','2014-02-21',2,160000.00,3),(294,2014,19,'MOOE','172','2014-03-13',3,160000.00,3),(295,2014,19,'MOOE','242','2014-03-14',4,160000.00,3),(296,2014,19,'MOOE','279','2014-05-05',5,160000.00,3),(297,2014,19,'MOOE','279','2014-06-06',6,160000.00,3),(298,2014,19,'MOOE','404','2014-07-02',7,160000.00,3),(299,2014,20,'MOOE','17','2014-01-27',1,175000.00,3),(300,2014,20,'MOOE','97','2014-02-21',2,175000.00,3),(301,2014,20,'MOOE','172','2014-03-13',3,175000.00,3),(302,2014,20,'MOOE','242','2014-04-14',4,175000.00,3),(303,2014,20,'MOOE','279','2014-05-05',5,175000.00,3),(304,2014,20,'MOOE','350','2014-06-06',6,175000.00,3),(305,2014,20,'MOOE','404','2014-07-02',7,175000.00,3),(309,2014,22,'PS','140','2014-03-05',1,14000.00,3),(310,2014,22,'PS','109','2014-02-21',2,14000.00,3),(311,2014,22,'PS','153','2014-03-03',3,14000.00,3),(312,2014,22,'MOOE','193','2014-04-02',3,28300.00,3),(313,2014,22,'PS','223','2014-04-11',4,14000.00,3),(314,2014,22,'PS','302','2014-05-22',5,14000.00,3),(315,2014,22,'MOOE','336','2014-06-05',6,26667.00,3),(316,2014,54,'MOOE','17','2014-01-27',1,416667.00,3),(317,2014,54,'MOOE','97','2014-02-20',2,416667.00,3),(318,2014,54,'MOOE','172','2014-03-13',3,416667.00,3),(319,2014,54,'MOOE','242','2014-04-14',4,416667.00,3),(320,2014,54,'MOOE','279','2014-05-05',5,416667.00,3),(321,2014,54,'MOOE','350','2014-06-06',6,416667.00,3),(322,2014,54,'MOOE','404','2014-07-02',7,416667.00,3),(323,2014,16,'MOOE','17','2014-01-27',1,125000.00,3),(324,2014,16,'MOOE','96','2014-02-21',2,125000.00,3),(325,2014,16,'MOOE','171','2014-03-13',3,125000.00,3),(326,2014,16,'MOOE','241','2014-04-14',4,125000.00,3),(327,2014,16,'MOOE','278','2014-05-05',5,125000.00,3),(328,2014,16,'MOOE','349','2014-06-06',6,125000.00,3),(329,2014,16,'MOOE','403','2014-07-02',7,125000.00,3),(330,2014,17,'MOOE','16','2014-01-27',1,250000.00,3),(331,2014,17,'MOOE','96','2014-02-10',2,250000.00,3),(332,2014,17,'MOOE','172','2014-03-13',3,250000.00,3),(333,2014,17,'MOOE','242','2014-04-14',4,250000.00,3),(334,2014,17,'MOOE','279','2014-05-05',5,250000.00,3),(335,2014,17,'MOOE','350','2014-06-06',6,250000.00,3),(336,2014,17,'MOOE','404','2014-07-02',7,250000.00,3),(337,2014,14,'MOOE','17','2014-01-27',1,50000.00,3),(338,2014,14,'MOOE','96','2014-02-21',2,50000.00,3),(339,2014,14,'MOOE','171','2014-03-13',3,50000.00,3),(340,2014,14,'MOOE','241','2014-04-14',4,50000.00,3),(341,2014,14,'MOOE','278','2014-05-05',5,50000.00,3),(342,2014,14,'MOOE','349','2014-06-06',6,50000.00,3),(343,2014,14,'MOOE','403','2014-07-02',7,50000.00,3),(344,2014,15,'MOOE','16','2014-01-27',1,350000.00,3),(345,2014,15,'MOOE','96','2014-02-21',2,350000.00,3),(346,2014,15,'MOOE','171','2014-03-13',3,350000.00,3),(347,2014,15,'MOOE','241','2014-04-14',4,350000.00,3),(348,2014,15,'MOOE','278','2014-05-05',5,350000.00,3),(349,2014,15,'MOOE','349','2014-06-06',6,350000.00,3),(350,2014,15,'MOOE','403','2014-07-02',7,350000.00,3),(352,2014,12,'PS','47','2014-02-04',1,507000.00,3),(355,2014,12,'MOOE','32','2014-02-03',1,423315.00,3),(356,2014,12,'PS','112','2014-02-21',2,507000.00,3),(357,2014,12,'MOOE','218','2014-04-03',2,423400.00,3),(358,2014,12,'PS','160','2014-03-13',3,507000.00,3),(359,2014,12,'MOOE','198','2014-04-02',3,423400.00,3),(360,2014,12,'PS','226','2014-04-11',4,667000.00,3),(361,2014,12,'PS','310','2014-05-22',5,845100.00,3),(362,2014,40,'MOOE','59','2014-02-10',1,300000.00,3),(366,2014,42,'MOOE','37','2014-02-03',1,50000.00,3),(367,2014,42,'PS','83','2014-02-17',1,105000.00,3),(368,2014,42,'PS','116','2014-02-21',2,105000.00,3),(369,2014,42,'MOOE','101','2014-02-21',2,50000.00,3),(370,2014,42,'PS','191','2014-03-24',3,105000.00,3),(371,2014,42,'MOOE','200','2014-04-02',3,50000.00,3),(372,2014,42,'PS','231','2014-04-11',4,105000.00,3),(373,2014,42,'PS','246','2014-04-21',3,35000.00,3),(374,2014,42,'MOOE','288','2014-05-07',4,50000.00,3),(375,2014,42,'PS','314','2014-05-22',5,157500.00,3),(376,2014,42,'MOOE','344','2014-06-05',5,50000.00,3),(377,2014,42,'MOOE','409','2014-07-07',6,50000.00,3),(378,2014,42,'PS','427','2014-07-17',7,105000.00,3),(379,2014,47,'MOOE','38','2014-02-03',1,10000.00,3),(380,2014,47,'PS','75','2014-02-12',1,50000.00,3),(381,2014,47,'PS','117','2014-02-21',2,50000.00,3),(382,2014,47,'MOOE','102','2014-02-21',2,34000.00,3),(383,2014,47,'PS','164','2014-03-13',3,62000.00,3),(384,2014,47,'MOOE','201','2014-04-02',3,8000.00,3),(385,2014,47,'PS','232','2014-04-11',4,80000.00,3),(386,2014,47,'PS','315','2014-05-22',5,90000.00,3),(387,2014,47,'MOOE','345','2014-05-06',5,14000.00,3),(388,2014,47,'PS','434','2014-07-23',7,50000.00,3),(389,2014,55,'MOOE','14','2014-01-22',1,200000.00,3),(390,2014,55,'MOOE','148','2014-03-12',2,878150.00,3),(391,2014,55,'PS','192','2014-03-25',1,181668.67,3),(392,2014,55,'PS','212','2014-04-02',2,181668.67,3),(393,2014,55,'PS','212','2014-04-02',3,181668.67,3),(394,2014,55,'MOOE','204','2014-04-02',3,210500.00,3),(395,2014,55,'PS','233','2014-04-11',4,205669.00,3),(396,2014,55,'MOOE','284','2014-05-07',4,573500.00,3),(397,2014,55,'PS','316','2014-05-22',5,181668.67,3),(398,2014,56,'MOOE','31','2014-02-03',2,10417.00,3),(399,2014,34,'MOOE','31','2014-02-03',2,18750.00,3),(400,2014,39,'PS','31','2014-02-03',2,128000.00,3),(401,2014,39,'MOOE','31','2014-02-03',2,2750.00,3),(402,2014,39,'PS','58','2014-02-10',1,64000.00,3),(403,2014,39,'MOOE','58','2014-02-10',1,7250.00,3),(404,2014,39,'PS','228','2014-04-11',4,64000.00,3),(405,2014,39,'PS','309','2014-05-22',5,64000.00,3),(406,2014,23,'MOOE','44','2014-02-13',2,20833.00,3),(407,2014,23,'MOOE','44','2014-02-13',6,157000.00,3),(408,2014,45,'MOOE','103','2014-02-21',2,13500.00,3),(409,2014,4,'MOOE','11111','2014-11-24',10,387362.50,10),(410,2014,22,'MOOE','17','2014-01-27',1,28300.00,4),(411,2014,22,'MOOE','217','2014-04-03',2,28300.00,4),(412,2014,22,'MOOE','217','2014-04-03',4,28300.00,4),(413,2014,22,'MOOE','336','2014-06-05',5,153300.00,4),(414,2014,22,'PS','357','2014-06-18',6,14000.00,4),(415,2014,22,'PS','453','2014-08-12',7,14000.00,4),(416,2014,22,'MOOE','479','2014-08-18',7,353300.00,4),(417,2014,22,'PS','481','2014-08-18',8,14000.00,4),(418,2014,22,'MOOE','519','2014-09-02',8,28300.00,4),(419,2014,22,'PS','542','2014-09-08',9,14000.00,4),(420,2014,22,'MOOE','600','2014-10-10',9,28300.00,4),(421,2014,22,'PS','601','2014-10-14',10,14000.00,4),(422,2014,22,'MOOE','629','2014-10-30',10,28300.00,4),(423,2014,22,'PS','673','2014-10-17',11,14000.00,4),(425,2014,22,'MOOE','733','2014-12-02',11,43034.00,4),(426,2014,8,'MOOE','478','2014-08-18',7,417000.00,4),(427,2014,8,'MOOE','579','2014-09-30',9,417000.00,4),(428,2014,8,'MOOE','530','2014-09-02',8,417000.00,4),(429,2014,8,'MOOE','635','2010-10-30',10,417000.00,4),(430,2014,8,'MOOE','703','2014-11-27',11,417000.00,4),(431,2014,40,'MOOE','509','2014-03-10',1,118000.00,4);
/*!40000 ALTER TABLE `allotmentreleases` ENABLE KEYS */;
UNLOCK TABLES;

--
-- Table structure for table `auth_group`
--

DROP TABLE IF EXISTS `auth_group`;
/*!40101 SET @saved_cs_client     = @@character_set_client */;
/*!40101 SET character_set_client = utf8 */;
CREATE TABLE `auth_group` (
  `id` int(11) NOT NULL AUTO_INCREMENT,
  `name` varchar(80) NOT NULL,
  PRIMARY KEY (`id`),
  UNIQUE KEY `name` (`name`)
) ENGINE=InnoDB DEFAULT CHARSET=utf8;
/*!40101 SET character_set_client = @saved_cs_client */;

--
-- Dumping data for table `auth_group`
--

LOCK TABLES `auth_group` WRITE;
/*!40000 ALTER TABLE `auth_group` DISABLE KEYS */;
/*!40000 ALTER TABLE `auth_group` ENABLE KEYS */;
UNLOCK TABLES;

--
-- Table structure for table `auth_group_permissions`
--

DROP TABLE IF EXISTS `auth_group_permissions`;
/*!40101 SET @saved_cs_client     = @@character_set_client */;
/*!40101 SET character_set_client = utf8 */;
CREATE TABLE `auth_group_permissions` (
  `id` int(11) NOT NULL AUTO_INCREMENT,
  `group_id` int(11) NOT NULL,
  `permission_id` int(11) NOT NULL,
  PRIMARY KEY (`id`),
  UNIQUE KEY `group_id` (`group_id`,`permission_id`),
  KEY `auth_group_permissions_bda51c3c` (`group_id`),
  KEY `auth_group_permissions_1e014c8f` (`permission_id`),
  CONSTRAINT `group_id_refs_id_3cea63fe` FOREIGN KEY (`group_id`) REFERENCES `auth_group` (`id`),
  CONSTRAINT `permission_id_refs_id_a7792de1` FOREIGN KEY (`permission_id`) REFERENCES `auth_permission` (`id`)
) ENGINE=InnoDB DEFAULT CHARSET=utf8;
/*!40101 SET character_set_client = @saved_cs_client */;

--
-- Dumping data for table `auth_group_permissions`
--

LOCK TABLES `auth_group_permissions` WRITE;
/*!40000 ALTER TABLE `auth_group_permissions` DISABLE KEYS */;
/*!40000 ALTER TABLE `auth_group_permissions` ENABLE KEYS */;
UNLOCK TABLES;

--
-- Table structure for table `auth_message`
--

DROP TABLE IF EXISTS `auth_message`;
/*!40101 SET @saved_cs_client     = @@character_set_client */;
/*!40101 SET character_set_client = utf8 */;
CREATE TABLE `auth_message` (
  `id` int(11) NOT NULL AUTO_INCREMENT,
  `user_id` int(11) NOT NULL,
  `message` longtext NOT NULL,
  PRIMARY KEY (`id`),
  KEY `auth_message_fbfc09f1` (`user_id`),
  CONSTRAINT `user_id_refs_id_9af0b65a` FOREIGN KEY (`user_id`) REFERENCES `auth_user` (`id`)
) ENGINE=InnoDB DEFAULT CHARSET=utf8;
/*!40101 SET character_set_client = @saved_cs_client */;

--
-- Dumping data for table `auth_message`
--

LOCK TABLES `auth_message` WRITE;
/*!40000 ALTER TABLE `auth_message` DISABLE KEYS */;
/*!40000 ALTER TABLE `auth_message` ENABLE KEYS */;
UNLOCK TABLES;

--
-- Table structure for table `auth_permission`
--

DROP TABLE IF EXISTS `auth_permission`;
/*!40101 SET @saved_cs_client     = @@character_set_client */;
/*!40101 SET character_set_client = utf8 */;
CREATE TABLE `auth_permission` (
  `id` int(11) NOT NULL AUTO_INCREMENT,
  `name` varchar(50) NOT NULL,
  `content_type_id` int(11) NOT NULL,
  `codename` varchar(100) NOT NULL,
  PRIMARY KEY (`id`),
  UNIQUE KEY `content_type_id` (`content_type_id`,`codename`),
  KEY `auth_permission_e4470c6e` (`content_type_id`),
  CONSTRAINT `content_type_id_refs_id_728de91f` FOREIGN KEY (`content_type_id`) REFERENCES `django_content_type` (`id`)
) ENGINE=InnoDB AUTO_INCREMENT=86 DEFAULT CHARSET=utf8;
/*!40101 SET character_set_client = @saved_cs_client */;

--
-- Dumping data for table `auth_permission`
--

LOCK TABLES `auth_permission` WRITE;
/*!40000 ALTER TABLE `auth_permission` DISABLE KEYS */;
INSERT INTO `auth_permission` VALUES (1,'Can add log entry',1,'add_logentry'),(2,'Can change log entry',1,'change_logentry'),(3,'Can delete log entry',1,'delete_logentry'),(4,'Can add permission',2,'add_permission'),(5,'Can change permission',2,'change_permission'),(6,'Can delete permission',2,'delete_permission'),(7,'Can add group',3,'add_group'),(8,'Can change group',3,'change_group'),(9,'Can delete group',3,'delete_group'),(10,'Can add user',4,'add_user'),(11,'Can change user',4,'change_user'),(12,'Can delete user',4,'delete_user'),(13,'Can add message',5,'add_message'),(14,'Can change message',5,'change_message'),(15,'Can delete message',5,'delete_message'),(16,'Can add content type',6,'add_contenttype'),(17,'Can change content type',6,'change_contenttype'),(18,'Can delete content type',6,'delete_contenttype'),(19,'Can add session',7,'add_session'),(20,'Can change session',7,'change_session'),(21,'Can delete session',7,'delete_session'),(22,'Can add permissions',8,'add_permissions'),(23,'Can change permissions',8,'change_permissions'),(24,'Can delete permissions',8,'delete_permissions'),(25,'Can add groups',9,'add_groups'),(26,'Can change groups',9,'change_groups'),(27,'Can delete groups',9,'delete_groups'),(28,'Can add group permissions',10,'add_grouppermissions'),(29,'Can change group permissions',10,'change_grouppermissions'),(30,'Can delete group permissions',10,'delete_grouppermissions'),(31,'Can add user group',11,'add_usergroup'),(32,'Can change user group',11,'change_usergroup'),(33,'Can delete user group',11,'delete_usergroup'),(34,'Can add user activity',12,'add_useractivity'),(35,'Can change user activity',12,'change_useractivity'),(36,'Can delete user activity',12,'delete_useractivity'),(37,'Can add sector',13,'add_sector'),(38,'Can change sector',13,'change_sector'),(39,'Can delete sector',13,'delete_sector'),(40,'Can add agency',14,'add_agency'),(41,'Can change agency',14,'change_agency'),(42,'Can delete agency',14,'delete_agency'),(43,'Can add notification',15,'add_notification'),(44,'Can change notification',15,'change_notification'),(45,'Can delete notification',15,'delete_notification'),(46,'Can add cos submission',16,'add_cossubmission'),(47,'Can change cos submission',16,'change_cossubmission'),(48,'Can delete cos submission',16,'delete_cossubmission'),(49,'Can add budget proposal',17,'add_budgetproposal'),(50,'Can change budget proposal',17,'change_budgetproposal'),(51,'Can delete budget proposal',17,'delete_budgetproposal'),(52,'Enter data from WFP',17,'record_wfp'),(53,'Print Agency WFP Information',17,'print_report'),(54,'Can add wfp data',18,'add_wfpdata'),(55,'Can change wfp data',18,'change_wfpdata'),(56,'Can delete wfp data',18,'delete_wfpdata'),(57,'Enter data from WFP',18,'record_wfp'),(58,'Print Agency WFP Information',18,'print_report'),(59,'Can add performance target',19,'add_performancetarget'),(60,'Can change performance target',19,'change_performancetarget'),(61,'Can delete performance target',19,'delete_performancetarget'),(62,'Can add performance report',20,'add_performancereport'),(63,'Can change performance report',20,'change_performancereport'),(64,'Can delete performance report',20,'delete_performancereport'),(65,'Can add allotment releases',21,'add_allotmentreleases'),(66,'Can change allotment releases',21,'change_allotmentreleases'),(67,'Can delete allotment releases',21,'delete_allotmentreleases'),(68,'Can add mpfro',22,'add_mpfro'),(69,'Can change mpfro',22,'change_mpfro'),(70,'Can delete mpfro',22,'delete_mpfro'),(71,'Can add fund balances',23,'add_fundbalances'),(72,'Can change fund balances',23,'change_fundbalances'),(73,'Can delete fund balances',23,'delete_fundbalances'),(74,'Can add monthly req submitted',24,'add_monthlyreqsubmitted'),(75,'Can change monthly req submitted',24,'change_monthlyreqsubmitted'),(76,'Can delete monthly req submitted',24,'delete_monthlyreqsubmitted'),(77,'Can add quarterly req',25,'add_quarterlyreq'),(78,'Can change quarterly req',25,'change_quarterlyreq'),(79,'Can delete quarterly req',25,'delete_quarterlyreq'),(80,'Can add quarter req submission',26,'add_quarterreqsubmission'),(81,'Can change quarter req submission',26,'change_quarterreqsubmission'),(82,'Can delete quarter req submission',26,'delete_quarterreqsubmission'),(83,'Can add co request',27,'add_corequest'),(84,'Can change co request',27,'change_corequest'),(85,'Can delete co request',27,'delete_corequest');
/*!40000 ALTER TABLE `auth_permission` ENABLE KEYS */;
UNLOCK TABLES;

--
-- Table structure for table `auth_user`
--

DROP TABLE IF EXISTS `auth_user`;
/*!40101 SET @saved_cs_client     = @@character_set_client */;
/*!40101 SET character_set_client = utf8 */;
CREATE TABLE `auth_user` (
  `id` int(11) NOT NULL AUTO_INCREMENT,
  `username` varchar(30) NOT NULL,
  `first_name` varchar(30) NOT NULL,
  `last_name` varchar(30) NOT NULL,
  `email` varchar(75) NOT NULL,
  `password` varchar(128) NOT NULL,
  `is_staff` tinyint(1) NOT NULL,
  `is_active` tinyint(1) NOT NULL,
  `is_superuser` tinyint(1) NOT NULL,
  `last_login` datetime NOT NULL,
  `date_joined` datetime NOT NULL,
  PRIMARY KEY (`id`),
  UNIQUE KEY `username` (`username`)
) ENGINE=InnoDB AUTO_INCREMENT=11 DEFAULT CHARSET=utf8;
/*!40101 SET character_set_client = @saved_cs_client */;

--
-- Dumping data for table `auth_user`
--

LOCK TABLES `auth_user` WRITE;
/*!40000 ALTER TABLE `auth_user` DISABLE KEYS */;
INSERT INTO `auth_user` VALUES (1,'byrenx@gmail.com','Jofel','Byrenx','bayron.jofel@gmail.com','pbkdf2_sha256$12000$FoiyjQDkgsPz$VtkczLqyQmtXkkm8QapTLodMmLNezuAI0jl4ZvxrqPM=',1,1,1,'2015-01-09 04:35:32','2014-08-10 08:01:26'),(2,'rumzster@gmail.com','Rommel','Asibal','rumzster@gmail.com','pbkdf2_sha256$12000$dRrtHIaP4hLC$Pqi2r3TfURAIw62QqBvGQJPJ3/RFPYe/BZ8Ru8cKeik=',1,1,0,'2014-09-18 01:19:33','2014-07-12 06:23:43'),(3,'sittie@gmail.com','Sittie Aliah','Bantayao','sittie@gmail.com','pbkdf2_sha256$12000$VmBFtEjIS5bf$7K3kFr8PRL6+50COmZdZBBHvLXJe2He7CPnciurXqW0=',1,1,0,'2015-01-07 08:28:00','2014-07-12 07:09:34'),(4,'jessielibita.jcl@gmail.com','Jessie','Libita','jessielibita.jcl@gmail.com','pbkdf2_sha256$12000$wuQkIkDlRuvM$2bndJKBguLUgKrzypKVpDUJ7IC9UcrMjhNNVlpzR0Ms=',1,1,0,'2015-01-05 00:59:38','2014-07-12 07:11:43'),(5,'helmiesalendab@gmail.com','helmie','salendab','helmiesalendab@gmail.com','pbkdf2_sha256$12000$k1RqU2onDRMg$JZKr2nLjF7LHW8fdp1NZ54Qa4xoPk20UYtzfgzyfmXA=',1,1,0,'2014-07-16 05:43:03','2014-07-16 03:15:23'),(6,'test@gmail.com','test','Test','test@gmail.com','pbkdf2_sha256$12000$LjzcA2d3KUs1$WBUUuKXolxcw13ELVsCE3SSXF2FhglSnRrynwne5VXY=',1,0,0,'2014-07-16 03:32:36','2014-07-16 03:32:26'),(8,'helmie_salendab@gmail.com','Helmie','Salendab','helmie_salendab@gmail.com','pbkdf2_sha256$12000$qg3NKad82gLA$mRK5cGlhZowTjh8uBi210FfldiKUio8oOT6AjcnUIKg=',1,1,0,'2014-07-16 05:41:16','2014-07-16 05:41:16'),(9,'emailtria@yahoo.com','try','lang','emailtria@yahoo.com','pbkdf2_sha256$12000$skbuxuNSCqns$ITKXO5vPHeWb6/PbVaCaE4qrYnTlrfONuxj1ZijRTIQ=',0,1,0,'2014-09-17 01:27:01','2014-09-17 01:27:01'),(10,'cusain_aleha@yahoo.com','Aleha','Cusain','cusain_aleha@yahoo.com','pbkdf2_sha256$12000$18uEFurdv7Kc$ULSSfV57ooaunh8ldo5tBMplnwU9A9Uoo60Xhk8Q5r8=',0,1,0,'2014-12-05 16:56:37','2014-12-05 11:06:24');
/*!40000 ALTER TABLE `auth_user` ENABLE KEYS */;
UNLOCK TABLES;

--
-- Table structure for table `auth_user_groups`
--

DROP TABLE IF EXISTS `auth_user_groups`;
/*!40101 SET @saved_cs_client     = @@character_set_client */;
/*!40101 SET character_set_client = utf8 */;
CREATE TABLE `auth_user_groups` (
  `id` int(11) NOT NULL AUTO_INCREMENT,
  `user_id` int(11) NOT NULL,
  `group_id` int(11) NOT NULL,
  PRIMARY KEY (`id`),
  UNIQUE KEY `user_id` (`user_id`,`group_id`),
  KEY `auth_user_groups_fbfc09f1` (`user_id`),
  KEY `auth_user_groups_bda51c3c` (`group_id`),
  CONSTRAINT `group_id_refs_id_f0ee9890` FOREIGN KEY (`group_id`) REFERENCES `auth_group` (`id`),
  CONSTRAINT `user_id_refs_id_831107f1` FOREIGN KEY (`user_id`) REFERENCES `auth_user` (`id`)
) ENGINE=InnoDB DEFAULT CHARSET=utf8;
/*!40101 SET character_set_client = @saved_cs_client */;

--
-- Dumping data for table `auth_user_groups`
--

LOCK TABLES `auth_user_groups` WRITE;
/*!40000 ALTER TABLE `auth_user_groups` DISABLE KEYS */;
/*!40000 ALTER TABLE `auth_user_groups` ENABLE KEYS */;
UNLOCK TABLES;

--
-- Table structure for table `auth_user_user_permissions`
--

DROP TABLE IF EXISTS `auth_user_user_permissions`;
/*!40101 SET @saved_cs_client     = @@character_set_client */;
/*!40101 SET character_set_client = utf8 */;
CREATE TABLE `auth_user_user_permissions` (
  `id` int(11) NOT NULL AUTO_INCREMENT,
  `user_id` int(11) NOT NULL,
  `permission_id` int(11) NOT NULL,
  PRIMARY KEY (`id`),
  UNIQUE KEY `user_id` (`user_id`,`permission_id`),
  KEY `auth_user_user_permissions_fbfc09f1` (`user_id`),
  KEY `auth_user_user_permissions_1e014c8f` (`permission_id`),
  CONSTRAINT `permission_id_refs_id_67e79cb` FOREIGN KEY (`permission_id`) REFERENCES `auth_permission` (`id`),
  CONSTRAINT `user_id_refs_id_f2045483` FOREIGN KEY (`user_id`) REFERENCES `auth_user` (`id`)
) ENGINE=InnoDB DEFAULT CHARSET=utf8;
/*!40101 SET character_set_client = @saved_cs_client */;

--
-- Dumping data for table `auth_user_user_permissions`
--

LOCK TABLES `auth_user_user_permissions` WRITE;
/*!40000 ALTER TABLE `auth_user_user_permissions` DISABLE KEYS */;
/*!40000 ALTER TABLE `auth_user_user_permissions` ENABLE KEYS */;
UNLOCK TABLES;

--
-- Table structure for table `budget_proposal`
--

DROP TABLE IF EXISTS `budget_proposal`;
/*!40101 SET @saved_cs_client     = @@character_set_client */;
/*!40101 SET character_set_client = utf8 */;
CREATE TABLE `budget_proposal` (
  `id` int(11) NOT NULL AUTO_INCREMENT,
  `year` int(11) NOT NULL,
  `activity` varchar(200) NOT NULL,
  `agency_id` int(11) NOT NULL,
  `allocation` varchar(4) NOT NULL,
  `performance_indicator` varchar(45) NOT NULL,
  `jan` decimal(12,2) NOT NULL,
  `feb` decimal(12,2) NOT NULL,
  `mar` decimal(12,2) NOT NULL,
  `apr` decimal(12,2) NOT NULL,
  `may` decimal(12,2) NOT NULL,
  `jun` decimal(12,2) NOT NULL,
  `jul` decimal(12,2) NOT NULL,
  `aug` decimal(12,2) NOT NULL,
  `sept` decimal(12,2) NOT NULL,
  `oct` decimal(12,2) NOT NULL,
  `nov` decimal(12,2) NOT NULL,
  `dec` decimal(12,2) NOT NULL,
  `total` decimal(15,2) NOT NULL,
  PRIMARY KEY (`id`),
  KEY `budget_proposal_b162e9d` (`agency_id`),
  CONSTRAINT `agency_id_refs_id_1793bcdf` FOREIGN KEY (`agency_id`) REFERENCES `agency` (`id`)
) ENGINE=InnoDB DEFAULT CHARSET=utf8;
/*!40101 SET character_set_client = @saved_cs_client */;

--
-- Dumping data for table `budget_proposal`
--

LOCK TABLES `budget_proposal` WRITE;
/*!40000 ALTER TABLE `budget_proposal` DISABLE KEYS */;
/*!40000 ALTER TABLE `budget_proposal` ENABLE KEYS */;
UNLOCK TABLES;

--
-- Table structure for table `co_request`
--

DROP TABLE IF EXISTS `co_request`;
/*!40101 SET @saved_cs_client     = @@character_set_client */;
/*!40101 SET character_set_client = utf8 */;
CREATE TABLE `co_request` (
  `id` int(11) NOT NULL AUTO_INCREMENT,
  `date_received` date NOT NULL,
  `agency_id` int(11) NOT NULL,
  `subject` varchar(100) NOT NULL,
  `action` varchar(100) NOT NULL,
  `status` varchar(150) NOT NULL,
  `user_id` int(11) NOT NULL,
  `remarks` varchar(250) DEFAULT NULL,
  PRIMARY KEY (`id`),
  KEY `co_request_b162e9d` (`agency_id`),
  KEY `co_request_fbfc09f1` (`user_id`),
  CONSTRAINT `agency_id_refs_id_8d656384` FOREIGN KEY (`agency_id`) REFERENCES `agency` (`id`),
  CONSTRAINT `user_id_refs_id_29932826` FOREIGN KEY (`user_id`) REFERENCES `auth_user` (`id`)
) ENGINE=InnoDB AUTO_INCREMENT=3 DEFAULT CHARSET=utf8;
/*!40101 SET character_set_client = @saved_cs_client */;

--
-- Dumping data for table `co_request`
--

LOCK TABLES `co_request` WRITE;
/*!40000 ALTER TABLE `co_request` DISABLE KEYS */;
INSERT INTO `co_request` VALUES (1,'2014-09-23',2,'MOOE release - sample','monthly allocation is already forwarded to ORT','verifiable to ORT',3,NULL),(2,'2014-11-24',4,'request for acquisition of vehicle','approved','adf',10,'fsffs');
/*!40000 ALTER TABLE `co_request` ENABLE KEYS */;
UNLOCK TABLES;

--
-- Table structure for table `cos_submission`
--

DROP TABLE IF EXISTS `cos_submission`;
/*!40101 SET @saved_cs_client     = @@character_set_client */;
/*!40101 SET character_set_client = utf8 */;
CREATE TABLE `cos_submission` (
  `id` int(11) NOT NULL AUTO_INCREMENT,
  `agency_id` int(11) NOT NULL,
  `date_submitted` datetime NOT NULL,
  PRIMARY KEY (`id`),
  KEY `cos_submission_b162e9d` (`agency_id`),
  CONSTRAINT `agency_id_refs_id_976c2968` FOREIGN KEY (`agency_id`) REFERENCES `agency` (`id`)
) ENGINE=InnoDB AUTO_INCREMENT=34 DEFAULT CHARSET=utf8;
/*!40101 SET character_set_client = @saved_cs_client */;

--
-- Dumping data for table `cos_submission`
--

LOCK TABLES `cos_submission` WRITE;
/*!40000 ALTER TABLE `cos_submission` DISABLE KEYS */;
INSERT INTO `cos_submission` VALUES (1,1,'2014-08-18 07:06:20'),(2,2,'2014-08-18 07:08:35'),(3,47,'2014-08-19 07:09:48'),(4,39,'2014-08-19 07:32:11'),(5,12,'2014-08-19 08:25:26'),(6,44,'2014-08-19 09:07:05'),(9,5,'2014-08-21 03:12:53'),(10,50,'2014-08-21 07:37:37'),(11,7,'2014-08-21 08:51:33'),(13,13,'2014-08-21 10:46:00'),(14,23,'2014-08-21 10:56:51'),(15,43,'2014-08-22 00:19:02'),(16,11,'2014-08-24 06:50:40'),(17,6,'2014-08-25 02:36:29'),(18,51,'2014-08-25 02:41:21'),(19,52,'2014-08-25 03:11:12'),(20,38,'2014-08-25 05:10:41'),(21,53,'2014-08-25 07:24:21'),(22,18,'2014-09-18 04:48:44'),(23,19,'2014-09-18 04:57:30'),(24,20,'2014-09-18 05:08:23'),(25,22,'2014-09-18 05:16:08'),(26,54,'2014-09-18 06:08:49'),(27,16,'2014-09-18 06:18:55'),(28,17,'2014-09-18 06:26:19'),(29,14,'2014-09-18 06:32:20'),(30,15,'2014-09-18 06:37:06'),(31,56,'2014-09-19 08:04:51'),(32,40,'2014-12-05 11:43:56'),(33,28,'2014-12-05 12:41:11');
/*!40000 ALTER TABLE `cos_submission` ENABLE KEYS */;
UNLOCK TABLES;

--
-- Table structure for table `django_admin_log`
--

DROP TABLE IF EXISTS `django_admin_log`;
/*!40101 SET @saved_cs_client     = @@character_set_client */;
/*!40101 SET character_set_client = utf8 */;
CREATE TABLE `django_admin_log` (
  `id` int(11) NOT NULL AUTO_INCREMENT,
  `action_time` datetime NOT NULL,
  `user_id` int(11) NOT NULL,
  `content_type_id` int(11) DEFAULT NULL,
  `object_id` longtext,
  `object_repr` varchar(200) NOT NULL,
  `action_flag` smallint(5) unsigned NOT NULL,
  `change_message` longtext NOT NULL,
  PRIMARY KEY (`id`),
  KEY `django_admin_log_fbfc09f1` (`user_id`),
  KEY `django_admin_log_e4470c6e` (`content_type_id`),
  CONSTRAINT `content_type_id_refs_id_288599e6` FOREIGN KEY (`content_type_id`) REFERENCES `django_content_type` (`id`),
  CONSTRAINT `user_id_refs_id_c8665aa` FOREIGN KEY (`user_id`) REFERENCES `auth_user` (`id`)
) ENGINE=InnoDB DEFAULT CHARSET=utf8;
/*!40101 SET character_set_client = @saved_cs_client */;

--
-- Dumping data for table `django_admin_log`
--

LOCK TABLES `django_admin_log` WRITE;
/*!40000 ALTER TABLE `django_admin_log` DISABLE KEYS */;
/*!40000 ALTER TABLE `django_admin_log` ENABLE KEYS */;
UNLOCK TABLES;

--
-- Table structure for table `django_content_type`
--

DROP TABLE IF EXISTS `django_content_type`;
/*!40101 SET @saved_cs_client     = @@character_set_client */;
/*!40101 SET character_set_client = utf8 */;
CREATE TABLE `django_content_type` (
  `id` int(11) NOT NULL AUTO_INCREMENT,
  `name` varchar(100) NOT NULL,
  `app_label` varchar(100) NOT NULL,
  `model` varchar(100) NOT NULL,
  PRIMARY KEY (`id`),
  UNIQUE KEY `app_label` (`app_label`,`model`)
) ENGINE=InnoDB AUTO_INCREMENT=28 DEFAULT CHARSET=utf8;
/*!40101 SET character_set_client = @saved_cs_client */;

--
-- Dumping data for table `django_content_type`
--

LOCK TABLES `django_content_type` WRITE;
/*!40000 ALTER TABLE `django_content_type` DISABLE KEYS */;
INSERT INTO `django_content_type` VALUES (1,'log entry','admin','logentry'),(2,'permission','auth','permission'),(3,'group','auth','group'),(4,'user','auth','user'),(5,'message','auth','message'),(6,'content type','contenttypes','contenttype'),(7,'session','sessions','session'),(8,'permissions','rbmo','permissions'),(9,'groups','rbmo','groups'),(10,'group permissions','rbmo','grouppermissions'),(11,'user group','rbmo','usergroup'),(12,'user activity','rbmo','useractivity'),(13,'sector','rbmo','sector'),(14,'agency','rbmo','agency'),(15,'notification','rbmo','notification'),(16,'cos submission','rbmo','cossubmission'),(17,'budget proposal','rbmo','budgetproposal'),(18,'wfp data','rbmo','wfpdata'),(19,'performance target','rbmo','performancetarget'),(20,'performance report','rbmo','performancereport'),(21,'allotment releases','rbmo','allotmentreleases'),(22,'mpfro','rbmo','mpfro'),(23,'fund balances','rbmo','fundbalances'),(24,'monthly req submitted','rbmo','monthlyreqsubmitted'),(25,'quarterly req','rbmo','quarterlyreq'),(26,'quarter req submission','rbmo','quarterreqsubmission'),(27,'co request','rbmo','corequest');
/*!40000 ALTER TABLE `django_content_type` ENABLE KEYS */;
UNLOCK TABLES;

--
-- Table structure for table `django_session`
--

DROP TABLE IF EXISTS `django_session`;
/*!40101 SET @saved_cs_client     = @@character_set_client */;
/*!40101 SET character_set_client = utf8 */;
CREATE TABLE `django_session` (
  `session_key` varchar(40) NOT NULL,
  `session_data` longtext NOT NULL,
  `expire_date` datetime NOT NULL,
  PRIMARY KEY (`session_key`),
  KEY `django_session_c25c2c28` (`expire_date`)
) ENGINE=InnoDB DEFAULT CHARSET=utf8;
/*!40101 SET character_set_client = @saved_cs_client */;

--
-- Dumping data for table `django_session`
--

LOCK TABLES `django_session` WRITE;
/*!40000 ALTER TABLE `django_session` DISABLE KEYS */;
INSERT INTO `django_session` VALUES ('05wnr7abqdnu7dy859xv07xdpzk8u3y8','MmY0MDc3ODE2YWEwMzZjOTIwNjA1OThmMjNiODY1NzM1NTFmMTIyZjp7Il9hdXRoX3VzZXJfYmFja2VuZCI6ImRqYW5nby5jb250cmliLmF1dGguYmFja2VuZHMuTW9kZWxCYWNrZW5kIiwiX2F1dGhfdXNlcl9pZCI6NH0=','2014-09-08 15:07:33'),('0kwaj1255qghsg3wq3h1mt518rekz96f','MmU1NmNlYjU0YTFjYjk2MGRjNTg0MGNmM2U4ODZjZWU3ZWFkMWRlOTp7Il9hdXRoX3VzZXJfYmFja2VuZCI6ImRqYW5nby5jb250cmliLmF1dGguYmFja2VuZHMuTW9kZWxCYWNrZW5kIiwiX2F1dGhfdXNlcl9pZCI6M30=','2014-12-25 09:30:12'),('0quq8ob3aq0h38g82rm5fuodfaqugznt','NWZkNDIyZWM2ZTcwZmJjMTczNDJmZmU0OWYxYjg0NjJlNzg5ZGQ5ZTp7ImFkbWluX2FnZW5jeV9pZCI6IjQ2IiwiX2F1dGhfdXNlcl9pZCI6MywiX2F1dGhfdXNlcl9iYWNrZW5kIjoiZGphbmdvLmNvbnRyaWIuYXV0aC5iYWNrZW5kcy5Nb2RlbEJhY2tlbmQifQ==','2014-10-10 08:08:17'),('2cbymjkdnl6ya3ow0i99cqkql67yd9g2','MDY1YmE5NWJlM2ZkMDlhOWEzNzk1MTJlM2VhOWY1ZGE0NDE0YTQwMjp7ImFkbWluX2FnZW5jeV9pZCI6IjUiLCJfYXV0aF91c2VyX2JhY2tlbmQiOiJkamFuZ28uY29udHJpYi5hdXRoLmJhY2tlbmRzLk1vZGVsQmFja2VuZCIsIl9hdXRoX3VzZXJfaWQiOjN9','2014-10-08 08:44:15'),('2pnxlgh5gaxtj9k7n5tm6op903ihjp5v','MmU1NmNlYjU0YTFjYjk2MGRjNTg0MGNmM2U4ODZjZWU3ZWFkMWRlOTp7Il9hdXRoX3VzZXJfYmFja2VuZCI6ImRqYW5nby5jb250cmliLmF1dGguYmFja2VuZHMuTW9kZWxCYWNrZW5kIiwiX2F1dGhfdXNlcl9pZCI6M30=','2015-01-21 08:28:00'),('2sscq5rj0gazrcs71bm0elsanicgfq3w','MDE4OTlmM2I3ZDBkOWY5N2UzM2QwMDc4MzUwNmM0MmEyNTU5ZTcwNTp7fQ==','2014-10-08 08:38:50'),('37wikyvtl5xdswczmr24x3l6s2st0ryw','MmU1NmNlYjU0YTFjYjk2MGRjNTg0MGNmM2U4ODZjZWU3ZWFkMWRlOTp7Il9hdXRoX3VzZXJfYmFja2VuZCI6ImRqYW5nby5jb250cmliLmF1dGguYmFja2VuZHMuTW9kZWxCYWNrZW5kIiwiX2F1dGhfdXNlcl9pZCI6M30=','2014-08-28 03:45:47'),('3b2r0bquaz341mckznhkyu99qqla3ila','MDE4OTlmM2I3ZDBkOWY5N2UzM2QwMDc4MzUwNmM0MmEyNTU5ZTcwNTp7fQ==','2014-09-08 14:19:56'),('3fatijrztgu1l8k05px96atfnuvb8f9k','NmUzYzJkMGI0NmRkMGQ0NzczN2M3M2FmNzhmOGQ5MzcxNDVmOGExNzp7Il9hdXRoX3VzZXJfaWQiOjQsIl9hdXRoX3VzZXJfYmFja2VuZCI6ImRqYW5nby5jb250cmliLmF1dGguYmFja2VuZHMuTW9kZWxCYWNrZW5kIn0=','2015-01-19 00:59:38'),('3gm7zyufu4159cqxofd8pvv69zz19brs','MmY0MDc3ODE2YWEwMzZjOTIwNjA1OThmMjNiODY1NzM1NTFmMTIyZjp7Il9hdXRoX3VzZXJfYmFja2VuZCI6ImRqYW5nby5jb250cmliLmF1dGguYmFja2VuZHMuTW9kZWxCYWNrZW5kIiwiX2F1dGhfdXNlcl9pZCI6NH0=','2014-09-01 00:45:27'),('3l25ca2befwughg2m906radc4t95zp7i','MmU1NmNlYjU0YTFjYjk2MGRjNTg0MGNmM2U4ODZjZWU3ZWFkMWRlOTp7Il9hdXRoX3VzZXJfYmFja2VuZCI6ImRqYW5nby5jb250cmliLmF1dGguYmFja2VuZHMuTW9kZWxCYWNrZW5kIiwiX2F1dGhfdXNlcl9pZCI6M30=','2014-09-08 11:47:45'),('3q8e69wwwf13ukj08kc6nwawynqg5osp','MDE4OTlmM2I3ZDBkOWY5N2UzM2QwMDc4MzUwNmM0MmEyNTU5ZTcwNTp7fQ==','2014-09-01 08:11:10'),('3rsrtqwub9ydtj76ehgljbd7jpe3dohn','NzMxM2YyM2I1ZDc1ZGRhMDhlOWEzYzM4MTQxN2NlNDZlZTczYWZiNjp7Il9hdXRoX3VzZXJfaWQiOjEsIl9hdXRoX3VzZXJfYmFja2VuZCI6ImRqYW5nby5jb250cmliLmF1dGguYmFja2VuZHMuTW9kZWxCYWNrZW5kIn0=','2014-08-25 07:58:37'),('3zgxi9vry7ox64wseylus6ehz8yat66h','ZjYyNTljOWUwNjk4Y2E2YWU5YjYwZDdjNzFkZDBjNGM0MWYxMDY1Yjp7ImFkbWluX2FnZW5jeV9pZCI6IjIiLCJfYXV0aF91c2VyX2JhY2tlbmQiOiJkamFuZ28uY29udHJpYi5hdXRoLmJhY2tlbmRzLk1vZGVsQmFja2VuZCIsIl9hdXRoX3VzZXJfaWQiOjN9','2014-10-14 01:02:57'),('47co6saresqriubj77dnt2gmn0jng2g6','MmU1NmNlYjU0YTFjYjk2MGRjNTg0MGNmM2U4ODZjZWU3ZWFkMWRlOTp7Il9hdXRoX3VzZXJfYmFja2VuZCI6ImRqYW5nby5jb250cmliLmF1dGguYmFja2VuZHMuTW9kZWxCYWNrZW5kIiwiX2F1dGhfdXNlcl9pZCI6M30=','2014-09-11 08:23:52'),('4cd70d1nrhm3lwh2ah18at079ou8sfoh','ZmQzNGJkNGJhM2Q0ZDE4NTc3MzIzNjFlODVmZjQ2ODA0YWM0NzJhYTp7ImFnZW5jeV9pZCI6MiwiX2F1dGhfdXNlcl9pZCI6MywiX2F1dGhfdXNlcl9iYWNrZW5kIjoiZGphbmdvLmNvbnRyaWIuYXV0aC5iYWNrZW5kcy5Nb2RlbEJhY2tlbmQifQ==','2014-11-13 02:28:02'),('4gm2fzw58hznf9dgzhts8xtzo61xy7f5','MWE2MTAzNzQyMjEwYjNlZThhMGY3YzliNjA2MTZjMWE5YmJmODEwZjp7Il9hdXRoX3VzZXJfYmFja2VuZCI6ImRqYW5nby5jb250cmliLmF1dGguYmFja2VuZHMuTW9kZWxCYWNrZW5kIiwiX2F1dGhfdXNlcl9pZCI6MywiYWdlbmN5X2lkIjoyfQ==','2014-10-27 00:57:31'),('4l38g0p47p97rxg9euai3d6e1dkh57hx','MmM4YjRhMTlhNDg1NGIyZDg3MGI2NjNjMmFhMmRmMDMwZDA3NDI3Yzp7ImFnZW5jeV9pZCI6OCwiX2F1dGhfdXNlcl9pZCI6NCwiX2F1dGhfdXNlcl9iYWNrZW5kIjoiZGphbmdvLmNvbnRyaWIuYXV0aC5iYWNrZW5kcy5Nb2RlbEJhY2tlbmQifQ==','2014-12-19 12:56:34'),('4mwq6gpxwt0bucwl5imjivuhhm0sh1i8','MmU1NmNlYjU0YTFjYjk2MGRjNTg0MGNmM2U4ODZjZWU3ZWFkMWRlOTp7Il9hdXRoX3VzZXJfYmFja2VuZCI6ImRqYW5nby5jb250cmliLmF1dGguYmFja2VuZHMuTW9kZWxCYWNrZW5kIiwiX2F1dGhfdXNlcl9pZCI6M30=','2014-09-01 03:20:04'),('4o8kwa2bi0rcphfjr0k7whq03p6irdh3','ZDNkOWRlZWY3Y2IyOWI4OTJiNWE1M2QyOWRmODY2MDFkMThlMTcyZDp7Il9hdXRoX3VzZXJfYmFja2VuZCI6ImRqYW5nby5jb250cmliLmF1dGguYmFja2VuZHMuTW9kZWxCYWNrZW5kIiwiX2F1dGhfdXNlcl9pZCI6MX0=','2015-01-23 04:35:32'),('4pzdm33dsiwhzejmx27j5aydn2iqmi5m','MmU1NmNlYjU0YTFjYjk2MGRjNTg0MGNmM2U4ODZjZWU3ZWFkMWRlOTp7Il9hdXRoX3VzZXJfYmFja2VuZCI6ImRqYW5nby5jb250cmliLmF1dGguYmFja2VuZHMuTW9kZWxCYWNrZW5kIiwiX2F1dGhfdXNlcl9pZCI6M30=','2014-08-29 10:02:51'),('5bwupb34us45uk7y3zghenhgbu1mkawa','MmU1NmNlYjU0YTFjYjk2MGRjNTg0MGNmM2U4ODZjZWU3ZWFkMWRlOTp7Il9hdXRoX3VzZXJfYmFja2VuZCI6ImRqYW5nby5jb250cmliLmF1dGguYmFja2VuZHMuTW9kZWxCYWNrZW5kIiwiX2F1dGhfdXNlcl9pZCI6M30=','2014-08-28 08:12:10'),('5e9hpaogkzsneyhkfjf55l5umrb4anmo','MmY0MDc3ODE2YWEwMzZjOTIwNjA1OThmMjNiODY1NzM1NTFmMTIyZjp7Il9hdXRoX3VzZXJfYmFja2VuZCI6ImRqYW5nby5jb250cmliLmF1dGguYmFja2VuZHMuTW9kZWxCYWNrZW5kIiwiX2F1dGhfdXNlcl9pZCI6NH0=','2014-12-24 00:09:21'),('5tph0j1zlc4gqppjbgn5ab3tigkzpxbh','MmY0MDc3ODE2YWEwMzZjOTIwNjA1OThmMjNiODY1NzM1NTFmMTIyZjp7Il9hdXRoX3VzZXJfYmFja2VuZCI6ImRqYW5nby5jb250cmliLmF1dGguYmFja2VuZHMuTW9kZWxCYWNrZW5kIiwiX2F1dGhfdXNlcl9pZCI6NH0=','2014-09-07 07:15:59'),('5xll2u4kt31hvaqlg6t5rvz4f1eswhn7','MmU1NmNlYjU0YTFjYjk2MGRjNTg0MGNmM2U4ODZjZWU3ZWFkMWRlOTp7Il9hdXRoX3VzZXJfYmFja2VuZCI6ImRqYW5nby5jb250cmliLmF1dGguYmFja2VuZHMuTW9kZWxCYWNrZW5kIiwiX2F1dGhfdXNlcl9pZCI6M30=','2014-08-28 06:30:10'),('6340z9appw9cggkoi21mxv8y9k8fn8mn','MmU1NmNlYjU0YTFjYjk2MGRjNTg0MGNmM2U4ODZjZWU3ZWFkMWRlOTp7Il9hdXRoX3VzZXJfYmFja2VuZCI6ImRqYW5nby5jb250cmliLmF1dGguYmFja2VuZHMuTW9kZWxCYWNrZW5kIiwiX2F1dGhfdXNlcl9pZCI6M30=','2014-08-28 00:05:52'),('64xv6r9emyny4xxb3p9b1gl2npjq64nd','MmU1NmNlYjU0YTFjYjk2MGRjNTg0MGNmM2U4ODZjZWU3ZWFkMWRlOTp7Il9hdXRoX3VzZXJfYmFja2VuZCI6ImRqYW5nby5jb250cmliLmF1dGguYmFja2VuZHMuTW9kZWxCYWNrZW5kIiwiX2F1dGhfdXNlcl9pZCI6M30=','2014-09-16 05:42:00'),('66lx2jgla21upmsde0dfvbbt6gas2z0o','NzMxM2YyM2I1ZDc1ZGRhMDhlOWEzYzM4MTQxN2NlNDZlZTczYWZiNjp7Il9hdXRoX3VzZXJfaWQiOjEsIl9hdXRoX3VzZXJfYmFja2VuZCI6ImRqYW5nby5jb250cmliLmF1dGguYmFja2VuZHMuTW9kZWxCYWNrZW5kIn0=','2014-11-15 05:46:59'),('6e6oogmwv3ymx5btsg8rd0zx3ytjbo1d','MWE2MTAzNzQyMjEwYjNlZThhMGY3YzliNjA2MTZjMWE5YmJmODEwZjp7Il9hdXRoX3VzZXJfYmFja2VuZCI6ImRqYW5nby5jb250cmliLmF1dGguYmFja2VuZHMuTW9kZWxCYWNrZW5kIiwiX2F1dGhfdXNlcl9pZCI6MywiYWdlbmN5X2lkIjoyfQ==','2014-10-30 00:35:20'),('6pdxbddkl2vn1oi1o2u6exwwdokh785f','MDE4OTlmM2I3ZDBkOWY5N2UzM2QwMDc4MzUwNmM0MmEyNTU5ZTcwNTp7fQ==','2014-08-26 04:47:34'),('78t10eubxkz2b52k09mqfh5hzmct5gvp','MmU1NmNlYjU0YTFjYjk2MGRjNTg0MGNmM2U4ODZjZWU3ZWFkMWRlOTp7Il9hdXRoX3VzZXJfYmFja2VuZCI6ImRqYW5nby5jb250cmliLmF1dGguYmFja2VuZHMuTW9kZWxCYWNrZW5kIiwiX2F1dGhfdXNlcl9pZCI6M30=','2014-10-02 09:08:42'),('7aj1e7dlk1m74d1pb704337bmyjwxu7k','MmU1NmNlYjU0YTFjYjk2MGRjNTg0MGNmM2U4ODZjZWU3ZWFkMWRlOTp7Il9hdXRoX3VzZXJfYmFja2VuZCI6ImRqYW5nby5jb250cmliLmF1dGguYmFja2VuZHMuTW9kZWxCYWNrZW5kIiwiX2F1dGhfdXNlcl9pZCI6M30=','2015-01-21 06:53:50'),('7cpljraf6n4l4kzpxj3dqhzpfo5z527d','MDE4OTlmM2I3ZDBkOWY5N2UzM2QwMDc4MzUwNmM0MmEyNTU5ZTcwNTp7fQ==','2014-09-03 01:30:37'),('7fr8sogocvgz7z1plpswcqiqje4x9jgp','ZDNkOWRlZWY3Y2IyOWI4OTJiNWE1M2QyOWRmODY2MDFkMThlMTcyZDp7Il9hdXRoX3VzZXJfYmFja2VuZCI6ImRqYW5nby5jb250cmliLmF1dGguYmFja2VuZHMuTW9kZWxCYWNrZW5kIiwiX2F1dGhfdXNlcl9pZCI6MX0=','2014-09-10 02:58:19'),('7mft2jltyc7z4shmw06m884mbpfdahag','MmU1NmNlYjU0YTFjYjk2MGRjNTg0MGNmM2U4ODZjZWU3ZWFkMWRlOTp7Il9hdXRoX3VzZXJfYmFja2VuZCI6ImRqYW5nby5jb250cmliLmF1dGguYmFja2VuZHMuTW9kZWxCYWNrZW5kIiwiX2F1dGhfdXNlcl9pZCI6M30=','2014-09-02 10:20:33'),('85910y9c4oecet05005gqqeka65qt50z','MmY0MDc3ODE2YWEwMzZjOTIwNjA1OThmMjNiODY1NzM1NTFmMTIyZjp7Il9hdXRoX3VzZXJfYmFja2VuZCI6ImRqYW5nby5jb250cmliLmF1dGguYmFja2VuZHMuTW9kZWxCYWNrZW5kIiwiX2F1dGhfdXNlcl9pZCI6NH0=','2014-08-29 09:19:34'),('8hpsxax5hsutkr84r7z6g2s9st0hj6t6','YzlkNzUzMDI4NTRmYWU0YjRhZDUyMDNhYjdkNTY3YzAxMmE3MjQ1Mjp7Il9hdXRoX3VzZXJfYmFja2VuZCI6ImRqYW5nby5jb250cmliLmF1dGguYmFja2VuZHMuTW9kZWxCYWNrZW5kIiwiX2F1dGhfdXNlcl9pZCI6NCwiYWdlbmN5X2lkIjoyMn0=','2014-12-19 14:49:03'),('8qc5uyylhwquj9fmt18696dokpi9uhbb','MDE4OTlmM2I3ZDBkOWY5N2UzM2QwMDc4MzUwNmM0MmEyNTU5ZTcwNTp7fQ==','2014-10-27 06:53:02'),('8r0utweb187ij97sf5f64d67z9f4dljf','ODZmODg3NjM2MjE4ZjdhOTJjMDAxOTU2YjYwZDRlZGJiMzA3NTQ3OTp7ImFkbWluX2FnZW5jeV9pZCI6IjQiLCJfYXV0aF91c2VyX2JhY2tlbmQiOiJkamFuZ28uY29udHJpYi5hdXRoLmJhY2tlbmRzLk1vZGVsQmFja2VuZCIsIl9hdXRoX3VzZXJfaWQiOjN9','2014-10-01 05:03:27'),('8wr0plmuzc95qe9qsojzmtcmj1p2itxu','MmU1NmNlYjU0YTFjYjk2MGRjNTg0MGNmM2U4ODZjZWU3ZWFkMWRlOTp7Il9hdXRoX3VzZXJfYmFja2VuZCI6ImRqYW5nby5jb250cmliLmF1dGguYmFja2VuZHMuTW9kZWxCYWNrZW5kIiwiX2F1dGhfdXNlcl9pZCI6M30=','2014-09-16 05:13:45'),('9ase0brja6rg02m7v98stpct61rsta8q','OGU5ZTFlYjdjMGM0YjEyMjkyYWVhNmZjN2JmNjFiODdkN2EwNzgxMDp7ImFnZW5jeV9pZCI6Mn0=','2014-09-09 03:48:20'),('9irhrrcomy7pn0xqvg4dou7t8hgb8xf5','MDE4OTlmM2I3ZDBkOWY5N2UzM2QwMDc4MzUwNmM0MmEyNTU5ZTcwNTp7fQ==','2014-11-13 15:35:53'),('9pf24ca99vg2329roicz06otueicfegc','MmU1NmNlYjU0YTFjYjk2MGRjNTg0MGNmM2U4ODZjZWU3ZWFkMWRlOTp7Il9hdXRoX3VzZXJfYmFja2VuZCI6ImRqYW5nby5jb250cmliLmF1dGguYmFja2VuZHMuTW9kZWxCYWNrZW5kIiwiX2F1dGhfdXNlcl9pZCI6M30=','2014-09-13 04:03:32'),('9upagjka491bovc74to7bdsxxti7cf60','ZDNkOWRlZWY3Y2IyOWI4OTJiNWE1M2QyOWRmODY2MDFkMThlMTcyZDp7Il9hdXRoX3VzZXJfYmFja2VuZCI6ImRqYW5nby5jb250cmliLmF1dGguYmFja2VuZHMuTW9kZWxCYWNrZW5kIiwiX2F1dGhfdXNlcl9pZCI6MX0=','2014-08-25 07:48:46'),('9zxs98lnit42sz5vgdbamqybyh4ivox3','NmUzYzJkMGI0NmRkMGQ0NzczN2M3M2FmNzhmOGQ5MzcxNDVmOGExNzp7Il9hdXRoX3VzZXJfaWQiOjQsIl9hdXRoX3VzZXJfYmFja2VuZCI6ImRqYW5nby5jb250cmliLmF1dGguYmFja2VuZHMuTW9kZWxCYWNrZW5kIn0=','2014-09-01 09:18:38'),('a0kk1847ehoaneo03e5405krzpgqffav','MmU1NmNlYjU0YTFjYjk2MGRjNTg0MGNmM2U4ODZjZWU3ZWFkMWRlOTp7Il9hdXRoX3VzZXJfYmFja2VuZCI6ImRqYW5nby5jb250cmliLmF1dGguYmFja2VuZHMuTW9kZWxCYWNrZW5kIiwiX2F1dGhfdXNlcl9pZCI6M30=','2014-09-04 01:20:12'),('a0x2t0e57rp8kfv99ux81tc0r7m3ekpv','MmU1NmNlYjU0YTFjYjk2MGRjNTg0MGNmM2U4ODZjZWU3ZWFkMWRlOTp7Il9hdXRoX3VzZXJfYmFja2VuZCI6ImRqYW5nby5jb250cmliLmF1dGguYmFja2VuZHMuTW9kZWxCYWNrZW5kIiwiX2F1dGhfdXNlcl9pZCI6M30=','2014-09-02 00:46:23'),('a7o5fxeobrv3wbz9c56apepariycbh6g','MDE4OTlmM2I3ZDBkOWY5N2UzM2QwMDc4MzUwNmM0MmEyNTU5ZTcwNTp7fQ==','2014-10-22 00:06:32'),('ahpylssc0g2zx2yogcl1absr40l7gexf','ZmQzNGJkNGJhM2Q0ZDE4NTc3MzIzNjFlODVmZjQ2ODA0YWM0NzJhYTp7ImFnZW5jeV9pZCI6MiwiX2F1dGhfdXNlcl9pZCI6MywiX2F1dGhfdXNlcl9iYWNrZW5kIjoiZGphbmdvLmNvbnRyaWIuYXV0aC5iYWNrZW5kcy5Nb2RlbEJhY2tlbmQifQ==','2014-09-29 02:10:46'),('ai1vf9b1390i4chghjw2wlxi5923oyx3','MDE4OTlmM2I3ZDBkOWY5N2UzM2QwMDc4MzUwNmM0MmEyNTU5ZTcwNTp7fQ==','2014-08-28 06:22:33'),('aklwsac72bkhhwwytpflnbpwpyimwh50','YzI4OGJmYWI2NzQxYmVjYzY5MWExOTM0MDRkOTg1NjYyMzViZmQzNjp7ImFkbWluX2FnZW5jeV9pZCI6IjI1IiwiX2F1dGhfdXNlcl9iYWNrZW5kIjoiZGphbmdvLmNvbnRyaWIuYXV0aC5iYWNrZW5kcy5Nb2RlbEJhY2tlbmQiLCJfYXV0aF91c2VyX2lkIjozfQ==','2014-10-09 05:05:10'),('arigevo08v6jp8a788q268ccni5zzw0s','MjdjNzExMjY5MjZlYTNiZjIyZTNhM2EwODI4ZTQ3YTA5MTI5NGNkZTp7ImFkbWluX2FnZW5jeV9pZCI6IjQxIiwiX2F1dGhfdXNlcl9pZCI6MywiX2F1dGhfdXNlcl9iYWNrZW5kIjoiZGphbmdvLmNvbnRyaWIuYXV0aC5iYWNrZW5kcy5Nb2RlbEJhY2tlbmQifQ==','2014-10-03 09:25:16'),('bckwt8sukcp27shmp58xg9nw4mtil16q','MmU1NmNlYjU0YTFjYjk2MGRjNTg0MGNmM2U4ODZjZWU3ZWFkMWRlOTp7Il9hdXRoX3VzZXJfYmFja2VuZCI6ImRqYW5nby5jb250cmliLmF1dGguYmFja2VuZHMuTW9kZWxCYWNrZW5kIiwiX2F1dGhfdXNlcl9pZCI6M30=','2015-01-12 02:22:55'),('bfizph8vpjca0ynfa2azbpgxhd7y3ugt','MDE4OTlmM2I3ZDBkOWY5N2UzM2QwMDc4MzUwNmM0MmEyNTU5ZTcwNTp7fQ==','2014-12-19 22:22:09'),('bh5c93trljmvoxahbgb8nuqcz8othbgp','MmU1NmNlYjU0YTFjYjk2MGRjNTg0MGNmM2U4ODZjZWU3ZWFkMWRlOTp7Il9hdXRoX3VzZXJfYmFja2VuZCI6ImRqYW5nby5jb250cmliLmF1dGguYmFja2VuZHMuTW9kZWxCYWNrZW5kIiwiX2F1dGhfdXNlcl9pZCI6M30=','2014-08-29 01:20:57'),('bin5yxutua9a0bhot8117kmwdb3hkl74','MDE4OTlmM2I3ZDBkOWY5N2UzM2QwMDc4MzUwNmM0MmEyNTU5ZTcwNTp7fQ==','2015-01-02 22:51:22'),('blq9tngqcvqu7melepg2ne4hfghvm7n7','MDE4OTlmM2I3ZDBkOWY5N2UzM2QwMDc4MzUwNmM0MmEyNTU5ZTcwNTp7fQ==','2014-09-02 05:46:58'),('bpah03xiaj2m81cavoxvt7niymcz6u67','MmU1NmNlYjU0YTFjYjk2MGRjNTg0MGNmM2U4ODZjZWU3ZWFkMWRlOTp7Il9hdXRoX3VzZXJfYmFja2VuZCI6ImRqYW5nby5jb250cmliLmF1dGguYmFja2VuZHMuTW9kZWxCYWNrZW5kIiwiX2F1dGhfdXNlcl9pZCI6M30=','2014-09-26 08:32:33'),('buvcw6roedrryx12aitztyvz1qp0lfzi','MWE2MTAzNzQyMjEwYjNlZThhMGY3YzliNjA2MTZjMWE5YmJmODEwZjp7Il9hdXRoX3VzZXJfYmFja2VuZCI6ImRqYW5nby5jb250cmliLmF1dGguYmFja2VuZHMuTW9kZWxCYWNrZW5kIiwiX2F1dGhfdXNlcl9pZCI6MywiYWdlbmN5X2lkIjoyfQ==','2014-09-09 01:07:35'),('c74pb141mgz5jgye1x3lvn4p4mrsfqwy','MmU1NmNlYjU0YTFjYjk2MGRjNTg0MGNmM2U4ODZjZWU3ZWFkMWRlOTp7Il9hdXRoX3VzZXJfYmFja2VuZCI6ImRqYW5nby5jb250cmliLmF1dGguYmFja2VuZHMuTW9kZWxCYWNrZW5kIiwiX2F1dGhfdXNlcl9pZCI6M30=','2014-09-07 02:27:02'),('cbeorxwlzfag8eyhjgq62tp98fy7kjl5','MDE4OTlmM2I3ZDBkOWY5N2UzM2QwMDc4MzUwNmM0MmEyNTU5ZTcwNTp7fQ==','2014-08-28 06:19:56'),('cd4qhdz8ngqthq57ddyy125t39cwt69r','MmU1NmNlYjU0YTFjYjk2MGRjNTg0MGNmM2U4ODZjZWU3ZWFkMWRlOTp7Il9hdXRoX3VzZXJfYmFja2VuZCI6ImRqYW5nby5jb250cmliLmF1dGguYmFja2VuZHMuTW9kZWxCYWNrZW5kIiwiX2F1dGhfdXNlcl9pZCI6M30=','2014-11-02 09:23:14'),('ckq7kq3r5vikjhweh3usput17pvuiya8','MmY0MDc3ODE2YWEwMzZjOTIwNjA1OThmMjNiODY1NzM1NTFmMTIyZjp7Il9hdXRoX3VzZXJfYmFja2VuZCI6ImRqYW5nby5jb250cmliLmF1dGguYmFja2VuZHMuTW9kZWxCYWNrZW5kIiwiX2F1dGhfdXNlcl9pZCI6NH0=','2014-11-19 06:58:14'),('cu6on515mk5c0l5u1lystddjclxngvl4','MmU1NmNlYjU0YTFjYjk2MGRjNTg0MGNmM2U4ODZjZWU3ZWFkMWRlOTp7Il9hdXRoX3VzZXJfYmFja2VuZCI6ImRqYW5nby5jb250cmliLmF1dGguYmFja2VuZHMuTW9kZWxCYWNrZW5kIiwiX2F1dGhfdXNlcl9pZCI6M30=','2014-09-02 03:33:44'),('cvtn7ds0hhdf39g15gwr2l6hvaioqw03','OGU5ZTFlYjdjMGM0YjEyMjkyYWVhNmZjN2JmNjFiODdkN2EwNzgxMDp7ImFnZW5jeV9pZCI6Mn0=','2014-10-28 09:14:00'),('cvvx55hl4pa4fnfeok3bcafbr3hsxymr','ZDNkOWRlZWY3Y2IyOWI4OTJiNWE1M2QyOWRmODY2MDFkMThlMTcyZDp7Il9hdXRoX3VzZXJfYmFja2VuZCI6ImRqYW5nby5jb250cmliLmF1dGguYmFja2VuZHMuTW9kZWxCYWNrZW5kIiwiX2F1dGhfdXNlcl9pZCI6MX0=','2014-08-28 05:58:06'),('cxw9fpnsp291vbxjbnoy5x28f1t8hela','MmU1NmNlYjU0YTFjYjk2MGRjNTg0MGNmM2U4ODZjZWU3ZWFkMWRlOTp7Il9hdXRoX3VzZXJfYmFja2VuZCI6ImRqYW5nby5jb250cmliLmF1dGguYmFja2VuZHMuTW9kZWxCYWNrZW5kIiwiX2F1dGhfdXNlcl9pZCI6M30=','2014-09-22 02:01:57'),('d9los7ibyhgagfuzfo91qqfny79kb06m','MjU4ZmViYTQ3ZDU0N2Q3NjNjZWE4NmExZjk0YjQ3NzBlMGVmZmE5NTp7Il9hdXRoX3VzZXJfaWQiOjMsIl9hdXRoX3VzZXJfYmFja2VuZCI6ImRqYW5nby5jb250cmliLmF1dGguYmFja2VuZHMuTW9kZWxCYWNrZW5kIn0=','2014-09-05 02:12:11'),('dielmlmft5rug88gj4t5n8wgd7nev0t8','MjU4ZmViYTQ3ZDU0N2Q3NjNjZWE4NmExZjk0YjQ3NzBlMGVmZmE5NTp7Il9hdXRoX3VzZXJfaWQiOjMsIl9hdXRoX3VzZXJfYmFja2VuZCI6ImRqYW5nby5jb250cmliLmF1dGguYmFja2VuZHMuTW9kZWxCYWNrZW5kIn0=','2014-10-15 07:32:25'),('dl6q4sjvj8cd6kigcn2oiuw6ld0phl3f','MmU1NmNlYjU0YTFjYjk2MGRjNTg0MGNmM2U4ODZjZWU3ZWFkMWRlOTp7Il9hdXRoX3VzZXJfYmFja2VuZCI6ImRqYW5nby5jb250cmliLmF1dGguYmFja2VuZHMuTW9kZWxCYWNrZW5kIiwiX2F1dGhfdXNlcl9pZCI6M30=','2014-09-08 00:58:55'),('dt0cjt5yq0jx8ann8pagmtmshx7npbv3','MmU1NmNlYjU0YTFjYjk2MGRjNTg0MGNmM2U4ODZjZWU3ZWFkMWRlOTp7Il9hdXRoX3VzZXJfYmFja2VuZCI6ImRqYW5nby5jb250cmliLmF1dGguYmFja2VuZHMuTW9kZWxCYWNrZW5kIiwiX2F1dGhfdXNlcl9pZCI6M30=','2014-09-01 01:47:36'),('e4bord08u12hdlupdyy0u5968vt7dclh','MTgzOGUzYmE0OGI1YWU3YjNkNjQzOTJiYTFmYjVjNjc2MmI5ZGI2ODp7Il9hdXRoX3VzZXJfYmFja2VuZCI6ImRqYW5nby5jb250cmliLmF1dGguYmFja2VuZHMuTW9kZWxCYWNrZW5kIiwiX2F1dGhfdXNlcl9pZCI6NCwiYWdlbmN5X2lkIjoyfQ==','2014-09-09 03:09:13'),('ego34ecjoa58qorym6e58mx28qd6am4l','ODZmODg3NjM2MjE4ZjdhOTJjMDAxOTU2YjYwZDRlZGJiMzA3NTQ3OTp7ImFkbWluX2FnZW5jeV9pZCI6IjQiLCJfYXV0aF91c2VyX2JhY2tlbmQiOiJkamFuZ28uY29udHJpYi5hdXRoLmJhY2tlbmRzLk1vZGVsQmFja2VuZCIsIl9hdXRoX3VzZXJfaWQiOjN9','2014-10-06 06:28:39'),('egz47frh39y5259slea578dhxw7q49ph','MmU1NmNlYjU0YTFjYjk2MGRjNTg0MGNmM2U4ODZjZWU3ZWFkMWRlOTp7Il9hdXRoX3VzZXJfYmFja2VuZCI6ImRqYW5nby5jb250cmliLmF1dGguYmFja2VuZHMuTW9kZWxCYWNrZW5kIiwiX2F1dGhfdXNlcl9pZCI6M30=','2014-09-04 06:36:02'),('el8bgd1wv3anpk2lu55xfz3joo7qmljj','MjU4ZmViYTQ3ZDU0N2Q3NjNjZWE4NmExZjk0YjQ3NzBlMGVmZmE5NTp7Il9hdXRoX3VzZXJfaWQiOjMsIl9hdXRoX3VzZXJfYmFja2VuZCI6ImRqYW5nby5jb250cmliLmF1dGguYmFja2VuZHMuTW9kZWxCYWNrZW5kIn0=','2014-09-05 06:25:00'),('f2wg2f966kp85vkvdz27r6wbj7nh9wke','MDE4OTlmM2I3ZDBkOWY5N2UzM2QwMDc4MzUwNmM0MmEyNTU5ZTcwNTp7fQ==','2014-09-20 07:33:38'),('f5raan7iik57lw2l8ma52i1e77df9zxh','MWE2MTAzNzQyMjEwYjNlZThhMGY3YzliNjA2MTZjMWE5YmJmODEwZjp7Il9hdXRoX3VzZXJfYmFja2VuZCI6ImRqYW5nby5jb250cmliLmF1dGguYmFja2VuZHMuTW9kZWxCYWNrZW5kIiwiX2F1dGhfdXNlcl9pZCI6MywiYWdlbmN5X2lkIjoyfQ==','2014-10-13 04:14:54'),('g9g2gpwwe4dylnegh6cs6v8bwd33eoa0','MDE4OTlmM2I3ZDBkOWY5N2UzM2QwMDc4MzUwNmM0MmEyNTU5ZTcwNTp7fQ==','2014-11-03 02:26:49'),('gdfg24a7fhf4twtumru3558lnpla6nq6','MmU1NmNlYjU0YTFjYjk2MGRjNTg0MGNmM2U4ODZjZWU3ZWFkMWRlOTp7Il9hdXRoX3VzZXJfYmFja2VuZCI6ImRqYW5nby5jb250cmliLmF1dGguYmFja2VuZHMuTW9kZWxCYWNrZW5kIiwiX2F1dGhfdXNlcl9pZCI6M30=','2014-09-04 02:17:09'),('gjx17qrlb4amote5mnjl4nuoot801feh','MmU1NmNlYjU0YTFjYjk2MGRjNTg0MGNmM2U4ODZjZWU3ZWFkMWRlOTp7Il9hdXRoX3VzZXJfYmFja2VuZCI6ImRqYW5nby5jb250cmliLmF1dGguYmFja2VuZHMuTW9kZWxCYWNrZW5kIiwiX2F1dGhfdXNlcl9pZCI6M30=','2014-08-28 00:57:59'),('gl2x0wronmk0kvvd0ai98h4syehlvm1z','MDE4OTlmM2I3ZDBkOWY5N2UzM2QwMDc4MzUwNmM0MmEyNTU5ZTcwNTp7fQ==','2014-09-05 03:53:10'),('gq0huc6h5353tngw80e9zxw4w1q27xj5','OTI4YTIyYWM5YWY4MzBmMWRkZjc2YTRlZTgzNTJmNzY5NmM2NDkxMTp7Il9hdXRoX3VzZXJfYmFja2VuZCI6ImRqYW5nby5jb250cmliLmF1dGguYmFja2VuZHMuTW9kZWxCYWNrZW5kIiwiX2F1dGhfdXNlcl9pZCI6Mn0=','2014-10-02 01:19:33'),('gvuk1c0ygktosnzzmmfd2he5roelriqg','MmU1NmNlYjU0YTFjYjk2MGRjNTg0MGNmM2U4ODZjZWU3ZWFkMWRlOTp7Il9hdXRoX3VzZXJfYmFja2VuZCI6ImRqYW5nby5jb250cmliLmF1dGguYmFja2VuZHMuTW9kZWxCYWNrZW5kIiwiX2F1dGhfdXNlcl9pZCI6M30=','2014-09-22 00:24:52'),('gw6gjfcy1i7mmi7ebt3ytichnn2r6l3h','MmU1NmNlYjU0YTFjYjk2MGRjNTg0MGNmM2U4ODZjZWU3ZWFkMWRlOTp7Il9hdXRoX3VzZXJfYmFja2VuZCI6ImRqYW5nby5jb250cmliLmF1dGguYmFja2VuZHMuTW9kZWxCYWNrZW5kIiwiX2F1dGhfdXNlcl9pZCI6M30=','2014-08-28 03:43:35'),('h98f6uw90njuxxwiywqmvv6umvelhc91','MmU1NmNlYjU0YTFjYjk2MGRjNTg0MGNmM2U4ODZjZWU3ZWFkMWRlOTp7Il9hdXRoX3VzZXJfYmFja2VuZCI6ImRqYW5nby5jb250cmliLmF1dGguYmFja2VuZHMuTW9kZWxCYWNrZW5kIiwiX2F1dGhfdXNlcl9pZCI6M30=','2014-09-17 04:25:46'),('hbmmtyfgfz8zy4x9y96lc7l83ksfdi4e','MjU4ZmViYTQ3ZDU0N2Q3NjNjZWE4NmExZjk0YjQ3NzBlMGVmZmE5NTp7Il9hdXRoX3VzZXJfaWQiOjMsIl9hdXRoX3VzZXJfYmFja2VuZCI6ImRqYW5nby5jb250cmliLmF1dGguYmFja2VuZHMuTW9kZWxCYWNrZW5kIn0=','2014-09-24 04:23:51'),('hk81tuj0yid2xfayldretehccg99v5t4','MmU1NmNlYjU0YTFjYjk2MGRjNTg0MGNmM2U4ODZjZWU3ZWFkMWRlOTp7Il9hdXRoX3VzZXJfYmFja2VuZCI6ImRqYW5nby5jb250cmliLmF1dGguYmFja2VuZHMuTW9kZWxCYWNrZW5kIiwiX2F1dGhfdXNlcl9pZCI6M30=','2014-09-08 02:32:46'),('hmyd089gpzcasaj4rru72twi8fnmigsf','NDE2MDYxNzBiNzFjOWU2ZGZlZDFkM2VlNDUxMjQ3ODJlMjk5NDhhMzp7ImFkbWluX2FnZW5jeV9pZCI6IjQiLCJfYXV0aF91c2VyX2lkIjoxLCJfYXV0aF91c2VyX2JhY2tlbmQiOiJkamFuZ28uY29udHJpYi5hdXRoLmJhY2tlbmRzLk1vZGVsQmFja2VuZCJ9','2014-09-30 09:39:14'),('hpvyi8ngvs6v8f2yedxz794rf6v9hcyb','ZDNkOWRlZWY3Y2IyOWI4OTJiNWE1M2QyOWRmODY2MDFkMThlMTcyZDp7Il9hdXRoX3VzZXJfYmFja2VuZCI6ImRqYW5nby5jb250cmliLmF1dGguYmFja2VuZHMuTW9kZWxCYWNrZW5kIiwiX2F1dGhfdXNlcl9pZCI6MX0=','2014-10-15 05:41:08'),('hxvu6q1vyswkkeqbl0dj6xnraabsjpb6','MmU1NmNlYjU0YTFjYjk2MGRjNTg0MGNmM2U4ODZjZWU3ZWFkMWRlOTp7Il9hdXRoX3VzZXJfYmFja2VuZCI6ImRqYW5nby5jb250cmliLmF1dGguYmFja2VuZHMuTW9kZWxCYWNrZW5kIiwiX2F1dGhfdXNlcl9pZCI6M30=','2014-09-04 02:00:03'),('hz42ylj5y9t381fkyc7f8ua8ndwrf7ok','MmU1NmNlYjU0YTFjYjk2MGRjNTg0MGNmM2U4ODZjZWU3ZWFkMWRlOTp7Il9hdXRoX3VzZXJfYmFja2VuZCI6ImRqYW5nby5jb250cmliLmF1dGguYmFja2VuZHMuTW9kZWxCYWNrZW5kIiwiX2F1dGhfdXNlcl9pZCI6M30=','2014-09-08 13:32:55'),('i9avt38sakm2mr0sx3jzdvpd22sowjhm','ZDNkOWRlZWY3Y2IyOWI4OTJiNWE1M2QyOWRmODY2MDFkMThlMTcyZDp7Il9hdXRoX3VzZXJfYmFja2VuZCI6ImRqYW5nby5jb250cmliLmF1dGguYmFja2VuZHMuTW9kZWxCYWNrZW5kIiwiX2F1dGhfdXNlcl9pZCI6MX0=','2014-11-14 10:52:30'),('i9dzk03a4m447j1j6kb0l4732n30hlma','ZmQzNGJkNGJhM2Q0ZDE4NTc3MzIzNjFlODVmZjQ2ODA0YWM0NzJhYTp7ImFnZW5jeV9pZCI6MiwiX2F1dGhfdXNlcl9pZCI6MywiX2F1dGhfdXNlcl9iYWNrZW5kIjoiZGphbmdvLmNvbnRyaWIuYXV0aC5iYWNrZW5kcy5Nb2RlbEJhY2tlbmQifQ==','2014-10-15 00:43:57'),('ihzm6jz2ztljs6lrtbplmc2dmupg641o','MmU1NmNlYjU0YTFjYjk2MGRjNTg0MGNmM2U4ODZjZWU3ZWFkMWRlOTp7Il9hdXRoX3VzZXJfYmFja2VuZCI6ImRqYW5nby5jb250cmliLmF1dGguYmFja2VuZHMuTW9kZWxCYWNrZW5kIiwiX2F1dGhfdXNlcl9pZCI6M30=','2014-09-07 02:17:46'),('iqnqt9kqvkseiewis9laacecyukvi4w6','ZmQzNGJkNGJhM2Q0ZDE4NTc3MzIzNjFlODVmZjQ2ODA0YWM0NzJhYTp7ImFnZW5jeV9pZCI6MiwiX2F1dGhfdXNlcl9pZCI6MywiX2F1dGhfdXNlcl9iYWNrZW5kIjoiZGphbmdvLmNvbnRyaWIuYXV0aC5iYWNrZW5kcy5Nb2RlbEJhY2tlbmQifQ==','2015-01-20 02:25:49'),('iy2s3i3zkuflyu0xsou014j4m5kgyhnz','ZmQzNGJkNGJhM2Q0ZDE4NTc3MzIzNjFlODVmZjQ2ODA0YWM0NzJhYTp7ImFnZW5jeV9pZCI6MiwiX2F1dGhfdXNlcl9pZCI6MywiX2F1dGhfdXNlcl9iYWNrZW5kIjoiZGphbmdvLmNvbnRyaWIuYXV0aC5iYWNrZW5kcy5Nb2RlbEJhY2tlbmQifQ==','2014-09-15 03:02:16'),('j28y7eue5a829ajr129ei7kz127vpa64','MmU1NmNlYjU0YTFjYjk2MGRjNTg0MGNmM2U4ODZjZWU3ZWFkMWRlOTp7Il9hdXRoX3VzZXJfYmFja2VuZCI6ImRqYW5nby5jb250cmliLmF1dGguYmFja2VuZHMuTW9kZWxCYWNrZW5kIiwiX2F1dGhfdXNlcl9pZCI6M30=','2014-10-27 07:26:43'),('j7gu6sguso2wu4oi2zz4cuy69wwzh92q','MDU4YTllYzgxZTljZDMwMGVhNDNlNTQxNjJlNTRhOWE4ZTkwYWI1ZTp7ImFnZW5jeV9pZCI6MiwiX2F1dGhfdXNlcl9iYWNrZW5kIjoiZGphbmdvLmNvbnRyaWIuYXV0aC5iYWNrZW5kcy5Nb2RlbEJhY2tlbmQiLCJfYXV0aF91c2VyX2lkIjo0fQ==','2014-12-19 22:27:07'),('jinoq853m3h97pvb28icq7zon7lm99qz','MmY0MDc3ODE2YWEwMzZjOTIwNjA1OThmMjNiODY1NzM1NTFmMTIyZjp7Il9hdXRoX3VzZXJfYmFja2VuZCI6ImRqYW5nby5jb250cmliLmF1dGguYmFja2VuZHMuTW9kZWxCYWNrZW5kIiwiX2F1dGhfdXNlcl9pZCI6NH0=','2014-09-08 09:59:31'),('jmdch8lzmx6ngfj83u300e1eema03psw','MDE4OTlmM2I3ZDBkOWY5N2UzM2QwMDc4MzUwNmM0MmEyNTU5ZTcwNTp7fQ==','2014-09-09 23:37:08'),('jmo83hborp9r31hzwzuifc4hfxdu6r6f','MmU1NmNlYjU0YTFjYjk2MGRjNTg0MGNmM2U4ODZjZWU3ZWFkMWRlOTp7Il9hdXRoX3VzZXJfYmFja2VuZCI6ImRqYW5nby5jb250cmliLmF1dGguYmFja2VuZHMuTW9kZWxCYWNrZW5kIiwiX2F1dGhfdXNlcl9pZCI6M30=','2014-09-03 00:11:28'),('jor5f6dxlyz164at6h1cje1sa8pm2j81','MmU1NmNlYjU0YTFjYjk2MGRjNTg0MGNmM2U4ODZjZWU3ZWFkMWRlOTp7Il9hdXRoX3VzZXJfYmFja2VuZCI6ImRqYW5nby5jb250cmliLmF1dGguYmFja2VuZHMuTW9kZWxCYWNrZW5kIiwiX2F1dGhfdXNlcl9pZCI6M30=','2014-09-01 09:15:01'),('jpa2hrhvwz0i6y9cnsho0a6uzd7ohee5','MmU1NmNlYjU0YTFjYjk2MGRjNTg0MGNmM2U4ODZjZWU3ZWFkMWRlOTp7Il9hdXRoX3VzZXJfYmFja2VuZCI6ImRqYW5nby5jb250cmliLmF1dGguYmFja2VuZHMuTW9kZWxCYWNrZW5kIiwiX2F1dGhfdXNlcl9pZCI6M30=','2014-08-29 01:23:41'),('k1vsnmnqqp41r3acacl11rlp72b3q7tb','NmUzYzJkMGI0NmRkMGQ0NzczN2M3M2FmNzhmOGQ5MzcxNDVmOGExNzp7Il9hdXRoX3VzZXJfaWQiOjQsIl9hdXRoX3VzZXJfYmFja2VuZCI6ImRqYW5nby5jb250cmliLmF1dGguYmFja2VuZHMuTW9kZWxCYWNrZW5kIn0=','2014-09-08 23:53:30'),('kczcmbst6eatvbudln54z74day8qtdgp','MmU1NmNlYjU0YTFjYjk2MGRjNTg0MGNmM2U4ODZjZWU3ZWFkMWRlOTp7Il9hdXRoX3VzZXJfYmFja2VuZCI6ImRqYW5nby5jb250cmliLmF1dGguYmFja2VuZHMuTW9kZWxCYWNrZW5kIiwiX2F1dGhfdXNlcl9pZCI6M30=','2014-08-26 05:02:01'),('lby0p99e46vcizrkueadcqar4hfmn6e0','MmU1NmNlYjU0YTFjYjk2MGRjNTg0MGNmM2U4ODZjZWU3ZWFkMWRlOTp7Il9hdXRoX3VzZXJfYmFja2VuZCI6ImRqYW5nby5jb250cmliLmF1dGguYmFja2VuZHMuTW9kZWxCYWNrZW5kIiwiX2F1dGhfdXNlcl9pZCI6M30=','2014-09-01 07:10:42'),('lnrb1z9h0w1hqryepn0rz6xbxbh6gdob','MDE4OTlmM2I3ZDBkOWY5N2UzM2QwMDc4MzUwNmM0MmEyNTU5ZTcwNTp7fQ==','2014-10-15 03:31:48'),('m8oqp3rv2p7isppsa7ekidag572zne60','MDE4OTlmM2I3ZDBkOWY5N2UzM2QwMDc4MzUwNmM0MmEyNTU5ZTcwNTp7fQ==','2014-09-12 04:46:07'),('manpqmizdlg5lffdxmamg3xgv5i9fu0a','MDE4OTlmM2I3ZDBkOWY5N2UzM2QwMDc4MzUwNmM0MmEyNTU5ZTcwNTp7fQ==','2014-12-20 07:32:14'),('mqrjyly7dx2inbi74lxerb1lzv21ce27','ZmQzNGJkNGJhM2Q0ZDE4NTc3MzIzNjFlODVmZjQ2ODA0YWM0NzJhYTp7ImFnZW5jeV9pZCI6MiwiX2F1dGhfdXNlcl9pZCI6MywiX2F1dGhfdXNlcl9iYWNrZW5kIjoiZGphbmdvLmNvbnRyaWIuYXV0aC5iYWNrZW5kcy5Nb2RlbEJhY2tlbmQifQ==','2014-09-12 02:04:49'),('mxgqap6bl1q4eavqqrns7h2zlc58dsfm','MmY0MDc3ODE2YWEwMzZjOTIwNjA1OThmMjNiODY1NzM1NTFmMTIyZjp7Il9hdXRoX3VzZXJfYmFja2VuZCI6ImRqYW5nby5jb250cmliLmF1dGguYmFja2VuZHMuTW9kZWxCYWNrZW5kIiwiX2F1dGhfdXNlcl9pZCI6NH0=','2014-08-29 01:35:30'),('n9sp1pb4dk5ti01uri20iqn75hyir390','MmU1NmNlYjU0YTFjYjk2MGRjNTg0MGNmM2U4ODZjZWU3ZWFkMWRlOTp7Il9hdXRoX3VzZXJfYmFja2VuZCI6ImRqYW5nby5jb250cmliLmF1dGguYmFja2VuZHMuTW9kZWxCYWNrZW5kIiwiX2F1dGhfdXNlcl9pZCI6M30=','2014-09-25 08:04:15'),('nfre4kx2hp45t49chnxe8yetl1rqwdn6','MmU1NmNlYjU0YTFjYjk2MGRjNTg0MGNmM2U4ODZjZWU3ZWFkMWRlOTp7Il9hdXRoX3VzZXJfYmFja2VuZCI6ImRqYW5nby5jb250cmliLmF1dGguYmFja2VuZHMuTW9kZWxCYWNrZW5kIiwiX2F1dGhfdXNlcl9pZCI6M30=','2014-09-04 02:09:24'),('ngt39758gmfgt2dp3thj4lxqnpp2rira','MDE4OTlmM2I3ZDBkOWY5N2UzM2QwMDc4MzUwNmM0MmEyNTU5ZTcwNTp7fQ==','2014-09-15 01:50:16'),('o43rfnuxs4ntl8u70hw7ikgjr52jmhrl','MWE2MTAzNzQyMjEwYjNlZThhMGY3YzliNjA2MTZjMWE5YmJmODEwZjp7Il9hdXRoX3VzZXJfYmFja2VuZCI6ImRqYW5nby5jb250cmliLmF1dGguYmFja2VuZHMuTW9kZWxCYWNrZW5kIiwiX2F1dGhfdXNlcl9pZCI6MywiYWdlbmN5X2lkIjoyfQ==','2014-10-07 04:22:05'),('ody0ezrbhms7nofykl9pv1oxn18dqqlq','MmU1NmNlYjU0YTFjYjk2MGRjNTg0MGNmM2U4ODZjZWU3ZWFkMWRlOTp7Il9hdXRoX3VzZXJfYmFja2VuZCI6ImRqYW5nby5jb250cmliLmF1dGguYmFja2VuZHMuTW9kZWxCYWNrZW5kIiwiX2F1dGhfdXNlcl9pZCI6M30=','2014-09-30 00:57:16'),('oevmb4jdo5nzy7lo27ly5jrbf2ima21d','ZDNkOWRlZWY3Y2IyOWI4OTJiNWE1M2QyOWRmODY2MDFkMThlMTcyZDp7Il9hdXRoX3VzZXJfYmFja2VuZCI6ImRqYW5nby5jb250cmliLmF1dGguYmFja2VuZHMuTW9kZWxCYWNrZW5kIiwiX2F1dGhfdXNlcl9pZCI6MX0=','2014-08-24 08:15:30'),('oi23jr7ctvtmh00ugnpteywdovtvk8po','MmY0MDc3ODE2YWEwMzZjOTIwNjA1OThmMjNiODY1NzM1NTFmMTIyZjp7Il9hdXRoX3VzZXJfYmFja2VuZCI6ImRqYW5nby5jb250cmliLmF1dGguYmFja2VuZHMuTW9kZWxCYWNrZW5kIiwiX2F1dGhfdXNlcl9pZCI6NH0=','2014-12-19 14:23:10'),('olwvshp62hgmjk3t5eq2cjz3djwk7tlj','MmY0MDc3ODE2YWEwMzZjOTIwNjA1OThmMjNiODY1NzM1NTFmMTIyZjp7Il9hdXRoX3VzZXJfYmFja2VuZCI6ImRqYW5nby5jb250cmliLmF1dGguYmFja2VuZHMuTW9kZWxCYWNrZW5kIiwiX2F1dGhfdXNlcl9pZCI6NH0=','2014-12-31 02:23:37'),('oschj8ewfqxu9x9h20048m5xay63k4yb','MmU1NmNlYjU0YTFjYjk2MGRjNTg0MGNmM2U4ODZjZWU3ZWFkMWRlOTp7Il9hdXRoX3VzZXJfYmFja2VuZCI6ImRqYW5nby5jb250cmliLmF1dGguYmFja2VuZHMuTW9kZWxCYWNrZW5kIiwiX2F1dGhfdXNlcl9pZCI6M30=','2014-11-15 06:33:33'),('ozke1hiueb8uvbt3drn4lkpx59tmyyqk','NzIxZTIyMzhlMzhiMzYyMjcyMTBjZTc5ODNkMWZkOWQ0OTBlNzNhNjp7Il9hdXRoX3VzZXJfaWQiOjEwLCJfYXV0aF91c2VyX2JhY2tlbmQiOiJkamFuZ28uY29udHJpYi5hdXRoLmJhY2tlbmRzLk1vZGVsQmFja2VuZCJ9','2014-12-19 16:56:37'),('p00yve19z7lnjdvk3nlxrcd84zdt4ved','MDE4OTlmM2I3ZDBkOWY5N2UzM2QwMDc4MzUwNmM0MmEyNTU5ZTcwNTp7fQ==','2014-10-08 07:41:33'),('p1kyijbhs4m4b84olwx26kjpvh4znyjl','MmU1NmNlYjU0YTFjYjk2MGRjNTg0MGNmM2U4ODZjZWU3ZWFkMWRlOTp7Il9hdXRoX3VzZXJfYmFja2VuZCI6ImRqYW5nby5jb250cmliLmF1dGguYmFja2VuZHMuTW9kZWxCYWNrZW5kIiwiX2F1dGhfdXNlcl9pZCI6M30=','2014-08-28 02:48:33'),('pcdkqlvfr98ym7qzu9rrgw6t0bih3ya9','MmU1NmNlYjU0YTFjYjk2MGRjNTg0MGNmM2U4ODZjZWU3ZWFkMWRlOTp7Il9hdXRoX3VzZXJfYmFja2VuZCI6ImRqYW5nby5jb250cmliLmF1dGguYmFja2VuZHMuTW9kZWxCYWNrZW5kIiwiX2F1dGhfdXNlcl9pZCI6M30=','2014-09-02 00:39:10'),('pgr56qo3v1v1n6ednpwq7lc3levi9lln','MDE4OTlmM2I3ZDBkOWY5N2UzM2QwMDc4MzUwNmM0MmEyNTU5ZTcwNTp7fQ==','2014-09-26 03:01:59'),('pltp24d9oh76s45nqpuio52vmsd5vzkm','MDE4OTlmM2I3ZDBkOWY5N2UzM2QwMDc4MzUwNmM0MmEyNTU5ZTcwNTp7fQ==','2014-12-10 05:52:52'),('ppkilledwlorftkrejwmq4lyg48z2ec8','MjU4ZmViYTQ3ZDU0N2Q3NjNjZWE4NmExZjk0YjQ3NzBlMGVmZmE5NTp7Il9hdXRoX3VzZXJfaWQiOjMsIl9hdXRoX3VzZXJfYmFja2VuZCI6ImRqYW5nby5jb250cmliLmF1dGguYmFja2VuZHMuTW9kZWxCYWNrZW5kIn0=','2014-12-19 13:01:44'),('pq2rk2voehljjab45lf9x3k333g503l4','MjU4ZmViYTQ3ZDU0N2Q3NjNjZWE4NmExZjk0YjQ3NzBlMGVmZmE5NTp7Il9hdXRoX3VzZXJfaWQiOjMsIl9hdXRoX3VzZXJfYmFja2VuZCI6ImRqYW5nby5jb250cmliLmF1dGguYmFja2VuZHMuTW9kZWxCYWNrZW5kIn0=','2014-10-09 01:14:23'),('pyw06q54rstgfgpieptewgr52vlnvalf','MDE4OTlmM2I3ZDBkOWY5N2UzM2QwMDc4MzUwNmM0MmEyNTU5ZTcwNTp7fQ==','2014-09-03 01:30:37'),('q149a1azh1la5t9l45kogjyntv1ckylv','MmU1NmNlYjU0YTFjYjk2MGRjNTg0MGNmM2U4ODZjZWU3ZWFkMWRlOTp7Il9hdXRoX3VzZXJfYmFja2VuZCI6ImRqYW5nby5jb250cmliLmF1dGguYmFja2VuZHMuTW9kZWxCYWNrZW5kIiwiX2F1dGhfdXNlcl9pZCI6M30=','2014-09-03 01:33:06'),('q8a3bw9a6om3y6fg8e2pr6cen7mwkawc','ZDNkOWRlZWY3Y2IyOWI4OTJiNWE1M2QyOWRmODY2MDFkMThlMTcyZDp7Il9hdXRoX3VzZXJfYmFja2VuZCI6ImRqYW5nby5jb250cmliLmF1dGguYmFja2VuZHMuTW9kZWxCYWNrZW5kIiwiX2F1dGhfdXNlcl9pZCI6MX0=','2015-01-17 02:05:57'),('qc031k3dj6w02dqoms4ipbbmjhl64qde','MmU1NmNlYjU0YTFjYjk2MGRjNTg0MGNmM2U4ODZjZWU3ZWFkMWRlOTp7Il9hdXRoX3VzZXJfYmFja2VuZCI6ImRqYW5nby5jb250cmliLmF1dGguYmFja2VuZHMuTW9kZWxCYWNrZW5kIiwiX2F1dGhfdXNlcl9pZCI6M30=','2014-08-29 05:57:05'),('qrm7nfy2jqv4op3l3n6hupafmfgt61di','MmU1NmNlYjU0YTFjYjk2MGRjNTg0MGNmM2U4ODZjZWU3ZWFkMWRlOTp7Il9hdXRoX3VzZXJfYmFja2VuZCI6ImRqYW5nby5jb250cmliLmF1dGguYmFja2VuZHMuTW9kZWxCYWNrZW5kIiwiX2F1dGhfdXNlcl9pZCI6M30=','2015-01-20 06:59:37'),('r2ffydbivwmux9ezfc43kky6v0vf87zs','MDE4OTlmM2I3ZDBkOWY5N2UzM2QwMDc4MzUwNmM0MmEyNTU5ZTcwNTp7fQ==','2014-10-28 00:12:30'),('rhck2nludrc3zt91ellettl6rslhj2e4','MWE2MTAzNzQyMjEwYjNlZThhMGY3YzliNjA2MTZjMWE5YmJmODEwZjp7Il9hdXRoX3VzZXJfYmFja2VuZCI6ImRqYW5nby5jb250cmliLmF1dGguYmFja2VuZHMuTW9kZWxCYWNrZW5kIiwiX2F1dGhfdXNlcl9pZCI6MywiYWdlbmN5X2lkIjoyfQ==','2014-10-24 08:31:30'),('rp2ocpozuuojkwctdwed25gw2qdn0484','MmY0MDc3ODE2YWEwMzZjOTIwNjA1OThmMjNiODY1NzM1NTFmMTIyZjp7Il9hdXRoX3VzZXJfYmFja2VuZCI6ImRqYW5nby5jb250cmliLmF1dGguYmFja2VuZHMuTW9kZWxCYWNrZW5kIiwiX2F1dGhfdXNlcl9pZCI6NH0=','2014-09-10 00:17:13'),('rsokjbfnggvabt9wz4cn47wp4s6o7by5','MmU1NmNlYjU0YTFjYjk2MGRjNTg0MGNmM2U4ODZjZWU3ZWFkMWRlOTp7Il9hdXRoX3VzZXJfYmFja2VuZCI6ImRqYW5nby5jb250cmliLmF1dGguYmFja2VuZHMuTW9kZWxCYWNrZW5kIiwiX2F1dGhfdXNlcl9pZCI6M30=','2014-10-07 09:15:54'),('s2iymz5tdii9nuwh0ed07kb0uu5qouvw','MmU1NmNlYjU0YTFjYjk2MGRjNTg0MGNmM2U4ODZjZWU3ZWFkMWRlOTp7Il9hdXRoX3VzZXJfYmFja2VuZCI6ImRqYW5nby5jb250cmliLmF1dGguYmFja2VuZHMuTW9kZWxCYWNrZW5kIiwiX2F1dGhfdXNlcl9pZCI6M30=','2014-09-02 06:47:20'),('smzo1wzmkbofaehhbtpxmcx2rep1o3pq','MDE4OTlmM2I3ZDBkOWY5N2UzM2QwMDc4MzUwNmM0MmEyNTU5ZTcwNTp7fQ==','2014-09-09 13:59:07'),('snn1wk6ygeukmfw74a2yenz6caiyw73m','Y2FmZTdhMzA2ZDNlNjEwYzVjNzdkMWU1NjBiMWRkM2FlODBiMTZmYzp7ImFkbWluX2FnZW5jeV9pZCI6IjI3IiwiX2F1dGhfdXNlcl9iYWNrZW5kIjoiZGphbmdvLmNvbnRyaWIuYXV0aC5iYWNrZW5kcy5Nb2RlbEJhY2tlbmQiLCJfYXV0aF91c2VyX2lkIjozfQ==','2014-10-01 08:46:46'),('sqg5dldn014s22h2m2dq5ow8fk7v3pnv','MmU1NmNlYjU0YTFjYjk2MGRjNTg0MGNmM2U4ODZjZWU3ZWFkMWRlOTp7Il9hdXRoX3VzZXJfYmFja2VuZCI6ImRqYW5nby5jb250cmliLmF1dGguYmFja2VuZHMuTW9kZWxCYWNrZW5kIiwiX2F1dGhfdXNlcl9pZCI6M30=','2014-09-04 06:39:05'),('sreeizq5tk7qhqryiivwaum7mbj4nldu','ZDNkOWRlZWY3Y2IyOWI4OTJiNWE1M2QyOWRmODY2MDFkMThlMTcyZDp7Il9hdXRoX3VzZXJfYmFja2VuZCI6ImRqYW5nby5jb250cmliLmF1dGguYmFja2VuZHMuTW9kZWxCYWNrZW5kIiwiX2F1dGhfdXNlcl9pZCI6MX0=','2014-11-22 05:26:39'),('swcv5vzwufpj8o0wikw308g4suznvlw0','OGU5ZTFlYjdjMGM0YjEyMjkyYWVhNmZjN2JmNjFiODdkN2EwNzgxMDp7ImFnZW5jeV9pZCI6Mn0=','2014-11-11 08:40:37'),('tao3q6lcphgzre1hnw7tqwfgwqlh6acl','MmY0MDc3ODE2YWEwMzZjOTIwNjA1OThmMjNiODY1NzM1NTFmMTIyZjp7Il9hdXRoX3VzZXJfYmFja2VuZCI6ImRqYW5nby5jb250cmliLmF1dGguYmFja2VuZHMuTW9kZWxCYWNrZW5kIiwiX2F1dGhfdXNlcl9pZCI6NH0=','2014-09-22 08:34:38'),('tlv4km4kau4u9fcza73y5e4h3hi7kw5z','MmU1NmNlYjU0YTFjYjk2MGRjNTg0MGNmM2U4ODZjZWU3ZWFkMWRlOTp7Il9hdXRoX3VzZXJfYmFja2VuZCI6ImRqYW5nby5jb250cmliLmF1dGguYmFja2VuZHMuTW9kZWxCYWNrZW5kIiwiX2F1dGhfdXNlcl9pZCI6M30=','2014-10-30 08:33:14'),('trlc0dsvs5m6571hla1kkbvkdwuor2oq','MmY0MDc3ODE2YWEwMzZjOTIwNjA1OThmMjNiODY1NzM1NTFmMTIyZjp7Il9hdXRoX3VzZXJfYmFja2VuZCI6ImRqYW5nby5jb250cmliLmF1dGguYmFja2VuZHMuTW9kZWxCYWNrZW5kIiwiX2F1dGhfdXNlcl9pZCI6NH0=','2014-09-08 11:41:22'),('trqkikitkk3k04f9yorjtyhxgk60fcpb','ZDNkOWRlZWY3Y2IyOWI4OTJiNWE1M2QyOWRmODY2MDFkMThlMTcyZDp7Il9hdXRoX3VzZXJfYmFja2VuZCI6ImRqYW5nby5jb250cmliLmF1dGguYmFja2VuZHMuTW9kZWxCYWNrZW5kIiwiX2F1dGhfdXNlcl9pZCI6MX0=','2014-10-14 04:08:23'),('u779xnhdkaunkqeyoedybi9awttaruii','MDE4OTlmM2I3ZDBkOWY5N2UzM2QwMDc4MzUwNmM0MmEyNTU5ZTcwNTp7fQ==','2014-09-30 12:09:02'),('u95kvpud6lrtu9th04y361gh1xcz94jd','MmY0MDc3ODE2YWEwMzZjOTIwNjA1OThmMjNiODY1NzM1NTFmMTIyZjp7Il9hdXRoX3VzZXJfYmFja2VuZCI6ImRqYW5nby5jb250cmliLmF1dGguYmFja2VuZHMuTW9kZWxCYWNrZW5kIiwiX2F1dGhfdXNlcl9pZCI6NH0=','2014-09-01 06:59:48'),('u9joupft9iwhsu43501ix9cca54qslu2','MmU1NmNlYjU0YTFjYjk2MGRjNTg0MGNmM2U4ODZjZWU3ZWFkMWRlOTp7Il9hdXRoX3VzZXJfYmFja2VuZCI6ImRqYW5nby5jb250cmliLmF1dGguYmFja2VuZHMuTW9kZWxCYWNrZW5kIiwiX2F1dGhfdXNlcl9pZCI6M30=','2014-09-17 11:21:12'),('ukgwgmk2r38s2ecodh12v5xgcetax3ts','MmU1NmNlYjU0YTFjYjk2MGRjNTg0MGNmM2U4ODZjZWU3ZWFkMWRlOTp7Il9hdXRoX3VzZXJfYmFja2VuZCI6ImRqYW5nby5jb250cmliLmF1dGguYmFja2VuZHMuTW9kZWxCYWNrZW5kIiwiX2F1dGhfdXNlcl9pZCI6M30=','2014-09-16 08:47:23'),('usx4i2o1aapsb45tkzxoqx3qw8wikcut','MmU1NmNlYjU0YTFjYjk2MGRjNTg0MGNmM2U4ODZjZWU3ZWFkMWRlOTp7Il9hdXRoX3VzZXJfYmFja2VuZCI6ImRqYW5nby5jb250cmliLmF1dGguYmFja2VuZHMuTW9kZWxCYWNrZW5kIiwiX2F1dGhfdXNlcl9pZCI6M30=','2014-11-30 01:28:46'),('v8i8gp4xvwp2csa33evnc1m3gyfhbyiy','MDE4OTlmM2I3ZDBkOWY5N2UzM2QwMDc4MzUwNmM0MmEyNTU5ZTcwNTp7fQ==','2014-11-25 12:17:24'),('vlu0l8bq98aclyr5yjn5ruigvv5p039u','MDE4OTlmM2I3ZDBkOWY5N2UzM2QwMDc4MzUwNmM0MmEyNTU5ZTcwNTp7fQ==','2014-10-08 06:12:33'),('vqvx3b4h5s2pm3heu8dx7gsx8nw8g9x9','MmU1NmNlYjU0YTFjYjk2MGRjNTg0MGNmM2U4ODZjZWU3ZWFkMWRlOTp7Il9hdXRoX3VzZXJfYmFja2VuZCI6ImRqYW5nby5jb250cmliLmF1dGguYmFja2VuZHMuTW9kZWxCYWNrZW5kIiwiX2F1dGhfdXNlcl9pZCI6M30=','2014-10-31 10:13:08'),('vugxn8z8y4rz9ig9rlo9nkyyg6wkn8qc','MmY0MDc3ODE2YWEwMzZjOTIwNjA1OThmMjNiODY1NzM1NTFmMTIyZjp7Il9hdXRoX3VzZXJfYmFja2VuZCI6ImRqYW5nby5jb250cmliLmF1dGguYmFja2VuZHMuTW9kZWxCYWNrZW5kIiwiX2F1dGhfdXNlcl9pZCI6NH0=','2014-12-19 11:08:29'),('w31ggc5yznzcmmo2bthfz9f5m5jmlcqe','MmU1NmNlYjU0YTFjYjk2MGRjNTg0MGNmM2U4ODZjZWU3ZWFkMWRlOTp7Il9hdXRoX3VzZXJfYmFja2VuZCI6ImRqYW5nby5jb250cmliLmF1dGguYmFja2VuZHMuTW9kZWxCYWNrZW5kIiwiX2F1dGhfdXNlcl9pZCI6M30=','2014-10-24 00:14:52'),('w5opz83pkl43izzdqmc3gsvf4texyu43','NDE2MDYxNzBiNzFjOWU2ZGZlZDFkM2VlNDUxMjQ3ODJlMjk5NDhhMzp7ImFkbWluX2FnZW5jeV9pZCI6IjQiLCJfYXV0aF91c2VyX2lkIjoxLCJfYXV0aF91c2VyX2JhY2tlbmQiOiJkamFuZ28uY29udHJpYi5hdXRoLmJhY2tlbmRzLk1vZGVsQmFja2VuZCJ9','2014-10-02 02:51:32'),('w5rnldu4lk8oyo4gdbpp0d3cyyg7rcyi','MmY0MDc3ODE2YWEwMzZjOTIwNjA1OThmMjNiODY1NzM1NTFmMTIyZjp7Il9hdXRoX3VzZXJfYmFja2VuZCI6ImRqYW5nby5jb250cmliLmF1dGguYmFja2VuZHMuTW9kZWxCYWNrZW5kIiwiX2F1dGhfdXNlcl9pZCI6NH0=','2014-12-19 16:32:00'),('w5uyr0iqgrdehjlpgi3zyb0gcz758by7','MmU1NmNlYjU0YTFjYjk2MGRjNTg0MGNmM2U4ODZjZWU3ZWFkMWRlOTp7Il9hdXRoX3VzZXJfYmFja2VuZCI6ImRqYW5nby5jb250cmliLmF1dGguYmFja2VuZHMuTW9kZWxCYWNrZW5kIiwiX2F1dGhfdXNlcl9pZCI6M30=','2014-10-16 06:05:10'),('wa6xwtey5glm6ipo27f7uasaf9fwahc3','MmU1NmNlYjU0YTFjYjk2MGRjNTg0MGNmM2U4ODZjZWU3ZWFkMWRlOTp7Il9hdXRoX3VzZXJfYmFja2VuZCI6ImRqYW5nby5jb250cmliLmF1dGguYmFja2VuZHMuTW9kZWxCYWNrZW5kIiwiX2F1dGhfdXNlcl9pZCI6M30=','2014-09-02 09:59:35'),('wc6b6lnqp5xtm70upowlj14cbsbqihkx','MmU1NmNlYjU0YTFjYjk2MGRjNTg0MGNmM2U4ODZjZWU3ZWFkMWRlOTp7Il9hdXRoX3VzZXJfYmFja2VuZCI6ImRqYW5nby5jb250cmliLmF1dGguYmFja2VuZHMuTW9kZWxCYWNrZW5kIiwiX2F1dGhfdXNlcl9pZCI6M30=','2014-09-18 09:08:39'),('wcy1kdyabryp1yy01u7snrgtuh2u8q2d','MmU1NmNlYjU0YTFjYjk2MGRjNTg0MGNmM2U4ODZjZWU3ZWFkMWRlOTp7Il9hdXRoX3VzZXJfYmFja2VuZCI6ImRqYW5nby5jb250cmliLmF1dGguYmFja2VuZHMuTW9kZWxCYWNrZW5kIiwiX2F1dGhfdXNlcl9pZCI6M30=','2014-09-16 03:02:22'),('wvj18v1bpsrxo6k9lr4clwvrv6myyt5z','MmU1NmNlYjU0YTFjYjk2MGRjNTg0MGNmM2U4ODZjZWU3ZWFkMWRlOTp7Il9hdXRoX3VzZXJfYmFja2VuZCI6ImRqYW5nby5jb250cmliLmF1dGguYmFja2VuZHMuTW9kZWxCYWNrZW5kIiwiX2F1dGhfdXNlcl9pZCI6M30=','2014-08-29 06:57:39'),('xgcnhepgjdk7bh7m619lz2cfjwgkuqyi','MDE4OTlmM2I3ZDBkOWY5N2UzM2QwMDc4MzUwNmM0MmEyNTU5ZTcwNTp7fQ==','2014-10-14 09:11:25'),('y2s30vyqsat1nbb25ds305p9irw9z9x9','MmU1NmNlYjU0YTFjYjk2MGRjNTg0MGNmM2U4ODZjZWU3ZWFkMWRlOTp7Il9hdXRoX3VzZXJfYmFja2VuZCI6ImRqYW5nby5jb250cmliLmF1dGguYmFja2VuZHMuTW9kZWxCYWNrZW5kIiwiX2F1dGhfdXNlcl9pZCI6M30=','2014-09-11 02:01:38'),('y326kmck4ekv3a9lqle80wyt296jyk6s','MmU1NmNlYjU0YTFjYjk2MGRjNTg0MGNmM2U4ODZjZWU3ZWFkMWRlOTp7Il9hdXRoX3VzZXJfYmFja2VuZCI6ImRqYW5nby5jb250cmliLmF1dGguYmFja2VuZHMuTW9kZWxCYWNrZW5kIiwiX2F1dGhfdXNlcl9pZCI6M30=','2014-10-09 08:02:03'),('ycczhphs4m33uuzp0hpglw8xfxepi9i0','MmU1NmNlYjU0YTFjYjk2MGRjNTg0MGNmM2U4ODZjZWU3ZWFkMWRlOTp7Il9hdXRoX3VzZXJfYmFja2VuZCI6ImRqYW5nby5jb250cmliLmF1dGguYmFja2VuZHMuTW9kZWxCYWNrZW5kIiwiX2F1dGhfdXNlcl9pZCI6M30=','2014-08-28 02:02:26'),('ydktfz40opraaxep2ze6b3xn74rtcjyy','MmU1NmNlYjU0YTFjYjk2MGRjNTg0MGNmM2U4ODZjZWU3ZWFkMWRlOTp7Il9hdXRoX3VzZXJfYmFja2VuZCI6ImRqYW5nby5jb250cmliLmF1dGguYmFja2VuZHMuTW9kZWxCYWNrZW5kIiwiX2F1dGhfdXNlcl9pZCI6M30=','2014-09-06 01:54:44'),('yefjscom9l5gmr1e78mzuiex54mlupme','MmU1NmNlYjU0YTFjYjk2MGRjNTg0MGNmM2U4ODZjZWU3ZWFkMWRlOTp7Il9hdXRoX3VzZXJfYmFja2VuZCI6ImRqYW5nby5jb250cmliLmF1dGguYmFja2VuZHMuTW9kZWxCYWNrZW5kIiwiX2F1dGhfdXNlcl9pZCI6M30=','2014-08-29 04:47:42'),('yrid2ki4guejjnctjpokkjzsivoaxasj','MDE4OTlmM2I3ZDBkOWY5N2UzM2QwMDc4MzUwNmM0MmEyNTU5ZTcwNTp7fQ==','2014-12-19 15:59:27'),('ytq7achll2x1rabxexv5fz8lh95fycon','MmU1NmNlYjU0YTFjYjk2MGRjNTg0MGNmM2U4ODZjZWU3ZWFkMWRlOTp7Il9hdXRoX3VzZXJfYmFja2VuZCI6ImRqYW5nby5jb250cmliLmF1dGguYmFja2VuZHMuTW9kZWxCYWNrZW5kIiwiX2F1dGhfdXNlcl9pZCI6M30=','2014-12-18 09:38:36'),('z220jyz0jl7yr3tzjmbfmfopap7n08a0','MDE4OTlmM2I3ZDBkOWY5N2UzM2QwMDc4MzUwNmM0MmEyNTU5ZTcwNTp7fQ==','2014-10-01 14:56:27'),('zcoz6yj5080s3icdsfngf0die5n4g5fa','NmUzYzJkMGI0NmRkMGQ0NzczN2M3M2FmNzhmOGQ5MzcxNDVmOGExNzp7Il9hdXRoX3VzZXJfaWQiOjQsIl9hdXRoX3VzZXJfYmFja2VuZCI6ImRqYW5nby5jb250cmliLmF1dGguYmFja2VuZHMuTW9kZWxCYWNrZW5kIn0=','2014-08-29 08:54:28'),('zdgtcf63jif1tcw6udtin95zyo5ifn7h','MmU1NmNlYjU0YTFjYjk2MGRjNTg0MGNmM2U4ODZjZWU3ZWFkMWRlOTp7Il9hdXRoX3VzZXJfYmFja2VuZCI6ImRqYW5nby5jb250cmliLmF1dGguYmFja2VuZHMuTW9kZWxCYWNrZW5kIiwiX2F1dGhfdXNlcl9pZCI6M30=','2014-08-28 07:22:53'),('zxi2i193430nggoqa5i81hi983i6rlfw','MmU1NmNlYjU0YTFjYjk2MGRjNTg0MGNmM2U4ODZjZWU3ZWFkMWRlOTp7Il9hdXRoX3VzZXJfYmFja2VuZCI6ImRqYW5nby5jb250cmliLmF1dGguYmFja2VuZHMuTW9kZWxCYWNrZW5kIiwiX2F1dGhfdXNlcl9pZCI6M30=','2014-09-01 05:59:02');
/*!40000 ALTER TABLE `django_session` ENABLE KEYS */;
UNLOCK TABLES;

--
-- Table structure for table `fund_balances`
--

DROP TABLE IF EXISTS `fund_balances`;
/*!40101 SET @saved_cs_client     = @@character_set_client */;
/*!40101 SET character_set_client = utf8 */;
CREATE TABLE `fund_balances` (
  `id` int(11) NOT NULL AUTO_INCREMENT,
  `year` int(11) NOT NULL,
  `agency_id` int(11) NOT NULL,
  `ps` decimal(15,2) NOT NULL,
  `mooe` decimal(15,2) NOT NULL,
  `co` decimal(15,2) NOT NULL,
  PRIMARY KEY (`id`),
  KEY `fund_balances_b162e9d` (`agency_id`),
  CONSTRAINT `agency_id_refs_id_329d71c4` FOREIGN KEY (`agency_id`) REFERENCES `agency` (`id`)
) ENGINE=InnoDB DEFAULT CHARSET=utf8;
/*!40101 SET character_set_client = @saved_cs_client */;

--
-- Dumping data for table `fund_balances`
--

LOCK TABLES `fund_balances` WRITE;
/*!40000 ALTER TABLE `fund_balances` DISABLE KEYS */;
/*!40000 ALTER TABLE `fund_balances` ENABLE KEYS */;
UNLOCK TABLES;

--
-- Table structure for table `group_perm`
--

DROP TABLE IF EXISTS `group_perm`;
/*!40101 SET @saved_cs_client     = @@character_set_client */;
/*!40101 SET character_set_client = utf8 */;
CREATE TABLE `group_perm` (
  `id` int(11) NOT NULL AUTO_INCREMENT,
  `group_id` int(11) NOT NULL,
  `permission_id` int(11) NOT NULL,
  PRIMARY KEY (`id`),
  KEY `group_perm_bda51c3c` (`group_id`),
  KEY `group_perm_1e014c8f` (`permission_id`),
  CONSTRAINT `group_id_refs_id_ee22793` FOREIGN KEY (`group_id`) REFERENCES `groups` (`id`),
  CONSTRAINT `permission_id_refs_id_1a7da3a2` FOREIGN KEY (`permission_id`) REFERENCES `permissions` (`id`)
) ENGINE=InnoDB AUTO_INCREMENT=58 DEFAULT CHARSET=utf8;
/*!40101 SET character_set_client = @saved_cs_client */;

--
-- Dumping data for table `group_perm`
--

LOCK TABLES `group_perm` WRITE;
/*!40000 ALTER TABLE `group_perm` DISABLE KEYS */;
INSERT INTO `group_perm` VALUES (1,1,2),(2,1,3),(3,1,4),(4,1,6),(5,1,9),(6,1,10),(7,1,19),(8,1,20),(9,2,1),(10,2,2),(11,2,3),(12,2,4),(13,2,5),(14,2,6),(15,2,7),(16,2,8),(17,2,9),(18,2,10),(19,2,11),(20,2,12),(21,2,13),(22,2,14),(23,2,15),(24,2,16),(25,2,17),(26,2,18),(27,2,19),(28,2,20),(29,3,18),(30,3,7),(31,3,13),(32,3,14),(33,3,15),(34,3,16),(35,3,17),(36,4,1),(37,4,2),(38,4,3),(39,4,4),(40,4,5),(41,4,6),(42,4,7),(43,4,8),(44,4,9),(45,4,10),(46,4,11),(47,4,12),(48,4,13),(49,4,14),(50,4,15),(51,4,16),(52,4,17),(53,4,18),(54,4,19),(55,4,20),(56,4,21),(57,4,22);
/*!40000 ALTER TABLE `group_perm` ENABLE KEYS */;
UNLOCK TABLES;

--
-- Table structure for table `groups`
--

DROP TABLE IF EXISTS `groups`;
/*!40101 SET @saved_cs_client     = @@character_set_client */;
/*!40101 SET character_set_client = utf8 */;
CREATE TABLE `groups` (
  `id` int(11) NOT NULL AUTO_INCREMENT,
  `name` varchar(45) NOT NULL,
  PRIMARY KEY (`id`)
) ENGINE=InnoDB AUTO_INCREMENT=5 DEFAULT CHARSET=utf8;
/*!40101 SET character_set_client = @saved_cs_client */;

--
-- Dumping data for table `groups`
--

LOCK TABLES `groups` WRITE;
/*!40000 ALTER TABLE `groups` DISABLE KEYS */;
INSERT INTO `groups` VALUES (1,'Recording Officer'),(2,'BEAM'),(3,'BPAC'),(4,'Administrator');
/*!40000 ALTER TABLE `groups` ENABLE KEYS */;
UNLOCK TABLES;

--
-- Table structure for table `monthly_req_submitted`
--

DROP TABLE IF EXISTS `monthly_req_submitted`;
/*!40101 SET @saved_cs_client     = @@character_set_client */;
/*!40101 SET character_set_client = utf8 */;
CREATE TABLE `monthly_req_submitted` (
  `id` int(11) NOT NULL AUTO_INCREMENT,
  `year` int(11) NOT NULL,
  `agency_id` int(11) NOT NULL,
  `date_submitted` datetime NOT NULL,
  `month` int(11) NOT NULL,
  `user_id` int(11) NOT NULL,
  PRIMARY KEY (`id`),
  KEY `monthly_req_submitted_b162e9d` (`agency_id`),
  KEY `monthly_req_submitted_fbfc09f1` (`user_id`),
  CONSTRAINT `agency_id_refs_id_eb139d5b` FOREIGN KEY (`agency_id`) REFERENCES `agency` (`id`),
  CONSTRAINT `user_id_refs_id_45e69625` FOREIGN KEY (`user_id`) REFERENCES `auth_user` (`id`)
) ENGINE=InnoDB AUTO_INCREMENT=408 DEFAULT CHARSET=utf8;
/*!40101 SET character_set_client = @saved_cs_client */;

--
-- Dumping data for table `monthly_req_submitted`
--

LOCK TABLES `monthly_req_submitted` WRITE;
/*!40000 ALTER TABLE `monthly_req_submitted` DISABLE KEYS */;
INSERT INTO `monthly_req_submitted` VALUES (1,2014,26,'2014-08-14 01:19:38',1,3),(2,2014,26,'2014-08-14 01:19:38',2,3),(3,2014,26,'2014-08-14 01:19:38',3,3),(4,2014,26,'2014-08-14 01:19:38',4,3),(5,2014,26,'2014-08-14 01:19:38',5,3),(6,2014,26,'2014-08-14 01:19:38',6,3),(7,2014,27,'2014-08-14 02:05:32',1,3),(8,2014,27,'2014-08-14 02:05:32',2,3),(9,2014,27,'2014-08-14 02:05:32',3,3),(10,2014,27,'2014-08-14 02:05:32',4,3),(11,2014,27,'2014-08-14 02:05:32',5,3),(12,2014,27,'2014-08-14 02:05:32',6,3),(13,2014,27,'2014-08-14 02:05:32',7,3),(14,2014,28,'2014-08-14 02:22:16',1,3),(15,2014,28,'2014-08-14 02:22:16',2,3),(16,2014,28,'2014-08-14 02:22:16',3,3),(17,2014,28,'2014-08-14 02:22:16',4,3),(18,2014,28,'2014-08-14 02:22:16',5,3),(19,2014,28,'2014-08-14 02:22:16',6,3),(21,2014,29,'2014-08-14 02:44:17',1,3),(22,2014,29,'2014-08-14 02:44:17',2,3),(23,2014,29,'2014-08-14 02:44:17',3,3),(24,2014,29,'2014-08-14 02:44:17',4,3),(25,2014,29,'2014-08-14 02:44:17',5,3),(26,2014,29,'2014-08-14 02:44:17',6,3),(27,2014,29,'2014-08-14 02:44:17',7,3),(28,2014,25,'2014-08-14 03:08:26',1,3),(29,2014,25,'2014-08-14 03:08:26',2,3),(30,2014,25,'2014-08-14 03:08:26',3,3),(31,2014,25,'2014-08-14 03:08:26',4,3),(32,2014,25,'2014-08-14 03:08:26',5,3),(33,2014,25,'2014-08-14 03:08:26',6,3),(34,2014,25,'2014-08-14 03:08:26',7,3),(35,2014,30,'2014-08-14 03:11:01',1,3),(36,2014,30,'2014-08-14 03:11:01',2,3),(37,2014,30,'2014-08-14 03:11:01',3,3),(38,2014,32,'2014-08-14 05:14:25',1,3),(39,2014,32,'2014-08-14 05:14:25',2,3),(40,2014,32,'2014-08-14 05:14:25',3,3),(41,2014,32,'2014-08-14 05:14:25',4,3),(42,2014,32,'2014-08-14 05:14:25',5,3),(43,2014,32,'2014-08-14 05:14:25',6,3),(44,2014,32,'2014-08-14 05:14:25',7,3),(45,2014,30,'2014-08-14 05:22:01',4,3),(46,2014,30,'2014-08-14 05:22:01',5,3),(47,2014,30,'2014-08-14 05:22:01',6,3),(48,2014,30,'2014-08-14 05:22:01',7,3),(50,2014,2,'2014-08-14 05:43:04',2,3),(51,2014,2,'2014-08-14 05:43:04',3,3),(52,2014,2,'2014-08-14 05:43:04',4,3),(53,2014,2,'2014-08-14 05:43:04',5,3),(54,2014,2,'2014-08-14 05:43:04',6,3),(55,2014,2,'2014-08-14 05:43:04',7,3),(63,2014,34,'2014-08-14 06:48:04',1,3),(64,2014,34,'2014-08-14 06:48:04',2,3),(65,2014,34,'2014-08-14 06:48:04',3,3),(66,2014,34,'2014-08-14 06:48:04',4,3),(67,2014,34,'2014-08-14 06:48:04',5,3),(68,2014,34,'2014-08-14 06:48:04',6,3),(69,2014,34,'2014-08-14 06:48:04',7,3),(70,2014,23,'2014-08-14 07:24:36',1,3),(71,2014,23,'2014-08-14 07:24:36',2,3),(72,2014,23,'2014-08-14 07:24:36',3,3),(73,2014,23,'2014-08-14 07:24:36',4,3),(74,2014,23,'2014-08-14 07:24:36',5,3),(75,2014,23,'2014-08-14 07:24:36',6,3),(76,2014,23,'2014-08-14 07:24:36',7,3),(77,2014,35,'2014-08-14 08:14:36',1,3),(78,2014,35,'2014-08-14 08:14:36',2,3),(79,2014,35,'2014-08-14 08:14:36',3,3),(80,2014,35,'2014-08-14 08:14:36',4,3),(81,2014,35,'2014-08-14 08:14:36',5,3),(82,2014,35,'2014-08-14 08:14:36',6,3),(83,2014,35,'2014-08-14 08:14:36',7,3),(84,2014,36,'2014-08-15 04:21:23',1,3),(85,2014,36,'2014-08-15 04:21:23',2,3),(86,2014,36,'2014-08-15 04:21:23',3,3),(87,2014,36,'2014-08-15 04:21:23',4,3),(88,2014,36,'2014-08-15 04:21:23',5,3),(89,2014,36,'2014-08-15 04:21:23',6,3),(90,2014,36,'2014-08-15 04:21:23',7,3),(91,2014,24,'2014-08-15 04:49:00',1,3),(92,2014,24,'2014-08-15 04:49:00',2,3),(93,2014,24,'2014-08-15 04:49:00',3,3),(94,2014,24,'2014-08-15 04:49:00',4,3),(95,2014,24,'2014-08-15 04:49:00',5,3),(96,2014,24,'2014-08-15 04:49:00',6,3),(97,2014,24,'2014-08-15 04:49:00',7,3),(98,2014,37,'2014-08-15 05:16:40',1,3),(99,2014,37,'2014-08-15 05:16:40',2,3),(100,2014,37,'2014-08-15 05:16:40',3,3),(101,2014,37,'2014-08-15 05:16:40',4,3),(102,2014,37,'2014-08-15 05:16:40',5,3),(103,2014,37,'2014-08-15 05:16:40',6,3),(104,2014,37,'2014-08-15 05:16:40',7,3),(105,2013,41,'2014-08-15 06:23:25',1,4),(106,2013,41,'2014-08-15 06:23:25',2,4),(107,2013,41,'2014-08-15 06:23:25',3,4),(108,2013,41,'2014-08-15 06:23:25',4,4),(109,2013,41,'2014-08-15 06:23:31',5,4),(110,2013,41,'2014-08-15 06:23:31',6,4),(111,2013,41,'2014-08-15 06:23:31',7,4),(112,2014,41,'2014-08-15 06:25:01',1,4),(113,2014,41,'2014-08-15 06:25:01',2,4),(114,2014,41,'2014-08-15 06:25:01',3,4),(115,2014,41,'2014-08-15 06:25:01',4,4),(116,2014,41,'2014-08-15 06:25:01',5,4),(117,2014,41,'2014-08-15 06:25:01',6,4),(118,2014,41,'2014-08-15 06:25:01',7,4),(119,2014,40,'2014-08-15 06:51:02',1,3),(120,2014,40,'2014-08-15 06:51:02',2,3),(121,2014,40,'2014-08-15 06:51:02',3,3),(122,2014,40,'2014-08-15 06:51:02',4,3),(123,2014,40,'2014-08-15 06:51:02',5,3),(124,2014,40,'2014-08-15 06:51:02',6,3),(125,2014,43,'2014-08-15 08:15:26',1,4),(126,2014,43,'2014-08-15 08:15:26',2,4),(127,2014,43,'2014-08-15 08:15:26',3,4),(128,2014,43,'2014-08-15 08:15:26',4,4),(129,2014,43,'2014-08-15 08:15:26',5,4),(130,2014,43,'2014-08-15 08:15:26',6,4),(131,2014,43,'2014-08-15 08:15:26',7,4),(132,2014,42,'2014-08-15 08:18:47',1,3),(133,2014,42,'2014-08-15 08:18:47',2,3),(134,2014,42,'2014-08-15 08:18:47',3,3),(135,2014,42,'2014-08-15 08:18:47',4,3),(136,2014,42,'2014-08-15 08:18:47',5,3),(137,2014,42,'2014-08-15 08:18:47',6,3),(138,2014,45,'2014-08-15 09:27:19',1,4),(139,2014,45,'2014-08-15 09:27:19',2,4),(140,2014,45,'2014-08-15 09:27:19',3,4),(141,2014,45,'2014-08-15 09:27:19',4,4),(142,2014,45,'2014-08-15 09:27:19',5,4),(143,2014,45,'2014-08-15 09:27:19',6,4),(144,2014,45,'2014-08-15 09:27:19',7,4),(145,2014,45,'2014-08-15 09:27:19',8,4),(146,2014,1,'2014-08-18 07:06:06',1,3),(147,2014,1,'2014-08-18 07:06:06',2,3),(148,2014,1,'2014-08-18 07:06:06',3,3),(149,2014,1,'2014-08-18 07:06:06',4,3),(150,2014,1,'2014-08-18 07:06:06',5,3),(151,2014,1,'2014-08-18 07:06:06',6,3),(159,2014,46,'2014-08-18 08:27:33',1,3),(160,2014,46,'2014-08-18 08:27:33',2,3),(161,2014,46,'2014-08-18 08:27:33',3,3),(162,2014,46,'2014-08-18 08:27:33',4,3),(163,2014,46,'2014-08-18 08:27:33',5,3),(164,2014,46,'2014-08-18 08:27:33',6,3),(165,2014,46,'2014-08-18 08:27:33',7,3),(166,2014,47,'2014-08-19 07:09:08',1,3),(167,2014,47,'2014-08-19 07:09:08',2,3),(168,2014,47,'2014-08-19 07:09:08',3,3),(169,2014,47,'2014-08-19 07:09:08',4,3),(170,2014,47,'2014-08-19 07:09:08',5,3),(171,2014,47,'2014-08-19 07:09:08',6,3),(172,2014,47,'2014-08-19 07:09:08',7,3),(173,2014,39,'2014-08-19 07:31:48',1,3),(174,2014,39,'2014-08-19 07:31:48',2,3),(175,2014,39,'2014-08-19 07:31:48',3,3),(176,2014,39,'2014-08-19 07:31:48',4,3),(177,2014,39,'2014-08-19 07:31:48',5,3),(178,2014,39,'2014-08-19 07:31:48',6,3),(179,2014,39,'2014-08-19 07:31:48',7,3),(180,2014,10,'2014-08-19 07:43:52',1,3),(181,2014,10,'2014-08-19 07:43:52',2,3),(182,2014,10,'2014-08-19 07:43:52',3,3),(183,2014,10,'2014-08-19 07:43:52',4,3),(184,2014,10,'2014-08-19 07:43:52',5,3),(185,2014,10,'2014-08-19 07:43:52',6,3),(186,2014,10,'2014-08-19 07:43:52',7,3),(187,2014,12,'2014-08-19 08:25:08',1,3),(188,2014,12,'2014-08-19 08:25:08',2,3),(189,2014,12,'2014-08-19 08:25:08',3,3),(190,2014,12,'2014-08-19 08:25:08',4,3),(191,2014,12,'2014-08-19 08:25:08',5,3),(192,2014,12,'2014-08-19 08:25:08',6,3),(193,2014,44,'2014-08-19 09:06:37',1,3),(194,2014,44,'2014-08-19 09:06:37',2,3),(195,2014,44,'2014-08-19 09:06:37',3,3),(196,2014,44,'2014-08-19 09:06:37',4,3),(197,2014,44,'2014-08-19 09:06:37',5,3),(198,2014,44,'2014-08-19 09:06:37',6,3),(199,2014,44,'2014-08-19 09:06:37',7,3),(207,2014,5,'2014-08-21 03:12:37',1,3),(208,2014,5,'2014-08-21 03:12:37',2,3),(209,2014,5,'2014-08-21 03:12:37',3,3),(210,2014,5,'2014-08-21 03:12:37',4,3),(211,2014,5,'2014-08-21 03:12:37',5,3),(212,2014,5,'2014-08-21 03:12:37',6,3),(213,2014,5,'2014-08-21 03:12:37',7,3),(214,2014,50,'2014-08-21 07:37:23',1,3),(215,2014,50,'2014-08-21 07:37:23',2,3),(216,2014,50,'2014-08-21 07:37:23',3,3),(217,2014,50,'2014-08-21 07:37:23',4,3),(218,2014,50,'2014-08-21 07:37:23',5,3),(219,2014,50,'2014-08-21 07:37:24',6,3),(220,2014,50,'2014-08-21 07:37:24',7,3),(221,2014,7,'2014-08-21 08:50:35',1,3),(222,2014,7,'2014-08-21 08:50:35',2,3),(223,2014,7,'2014-08-21 08:50:35',3,3),(224,2014,7,'2014-08-21 08:50:35',4,3),(225,2014,7,'2014-08-21 08:50:35',5,3),(226,2014,7,'2014-08-21 08:50:35',6,3),(227,2014,7,'2014-08-21 08:50:35',7,3),(228,2014,8,'2014-08-21 10:28:06',1,3),(229,2014,8,'2014-08-21 10:28:06',2,3),(230,2014,8,'2014-08-21 10:28:06',3,3),(231,2014,8,'2014-08-21 10:28:06',4,3),(232,2014,8,'2014-08-21 10:28:06',5,3),(233,2014,8,'2014-08-21 10:28:06',6,3),(234,2014,8,'2014-08-21 10:28:06',7,3),(235,2014,13,'2014-08-21 10:45:45',1,3),(236,2014,13,'2014-08-21 10:45:45',2,3),(237,2014,13,'2014-08-21 10:45:45',3,3),(238,2014,13,'2014-08-21 10:45:45',4,3),(239,2014,13,'2014-08-21 10:45:45',5,3),(240,2014,13,'2014-08-21 10:45:45',6,3),(241,2014,13,'2014-08-21 10:45:45',7,3),(242,2014,11,'2014-08-24 06:50:15',1,3),(243,2014,11,'2014-08-24 06:50:15',2,3),(244,2014,11,'2014-08-24 06:50:15',3,3),(245,2014,11,'2014-08-24 06:50:15',4,3),(246,2014,11,'2014-08-24 06:50:15',5,3),(247,2014,11,'2014-08-24 06:50:15',6,3),(248,2014,11,'2014-08-24 06:50:15',7,3),(249,2014,6,'2014-08-25 02:36:11',1,3),(250,2014,6,'2014-08-25 02:36:11',2,3),(251,2014,6,'2014-08-25 02:36:11',3,3),(252,2014,6,'2014-08-25 02:36:11',4,3),(253,2014,6,'2014-08-25 02:36:11',5,3),(254,2014,6,'2014-08-25 02:36:11',6,3),(255,2014,6,'2014-08-25 02:36:11',7,3),(256,2014,51,'2014-08-25 02:41:07',1,3),(257,2014,51,'2014-08-25 02:41:07',2,3),(258,2014,51,'2014-08-25 02:41:07',3,3),(259,2014,51,'2014-08-25 02:41:07',4,3),(260,2014,51,'2014-08-25 02:41:07',5,3),(261,2014,51,'2014-08-25 02:41:07',6,3),(262,2014,51,'2014-08-25 02:41:07',7,3),(263,2014,52,'2014-08-25 03:10:57',1,3),(264,2014,52,'2014-08-25 03:10:57',2,3),(265,2014,52,'2014-08-25 03:10:57',3,3),(266,2014,52,'2014-08-25 03:10:57',4,3),(267,2014,52,'2014-08-25 03:10:57',5,3),(268,2014,52,'2014-08-25 03:10:57',6,3),(269,2014,52,'2014-08-25 03:10:57',7,3),(271,2014,38,'2014-08-25 05:10:23',2,3),(272,2014,38,'2014-08-25 05:10:23',3,3),(273,2014,38,'2014-08-25 05:10:23',4,3),(274,2014,38,'2014-08-25 05:10:23',5,3),(275,2014,38,'2014-08-25 05:10:24',6,3),(276,2014,38,'2014-08-25 05:10:24',7,3),(277,2014,53,'2014-08-25 07:24:03',1,3),(278,2014,53,'2014-08-25 07:24:03',2,3),(279,2014,53,'2014-08-25 07:24:03',3,3),(280,2014,53,'2014-08-25 07:24:03',4,3),(281,2014,53,'2014-08-25 07:24:03',5,3),(282,2014,53,'2014-08-25 07:24:03',6,3),(283,2014,53,'2014-08-25 07:24:03',7,3),(284,2014,2,'2014-09-04 07:51:35',8,3),(285,2014,18,'2014-09-18 04:48:08',1,3),(286,2014,18,'2014-09-18 04:48:09',2,3),(287,2014,18,'2014-09-18 04:48:09',3,3),(288,2014,18,'2014-09-18 04:48:09',4,3),(289,2014,18,'2014-09-18 04:48:09',5,3),(290,2014,18,'2014-09-18 04:48:09',6,3),(291,2014,18,'2014-09-18 04:48:09',7,3),(292,2014,19,'2014-09-18 04:57:09',1,3),(293,2014,19,'2014-09-18 04:57:09',2,3),(294,2014,19,'2014-09-18 04:57:09',3,3),(295,2014,19,'2014-09-18 04:57:09',4,3),(296,2014,19,'2014-09-18 04:57:09',5,3),(297,2014,19,'2014-09-18 04:57:09',6,3),(298,2014,19,'2014-09-18 04:57:09',7,3),(299,2014,20,'2014-09-18 05:07:52',1,3),(300,2014,20,'2014-09-18 05:07:52',2,3),(301,2014,20,'2014-09-18 05:07:52',3,3),(302,2014,20,'2014-09-18 05:07:52',4,3),(303,2014,20,'2014-09-18 05:07:52',5,3),(304,2014,20,'2014-09-18 05:07:52',6,3),(305,2014,20,'2014-09-18 05:07:52',7,3),(306,2014,22,'2014-09-18 05:15:48',1,3),(308,2014,22,'2014-09-18 05:15:48',3,3),(309,2014,22,'2014-09-18 05:15:48',4,3),(310,2014,22,'2014-09-18 05:15:48',5,3),(311,2014,22,'2014-09-18 05:15:48',6,3),(312,2014,22,'2014-09-18 05:15:48',7,3),(313,2014,54,'2014-09-18 06:08:17',1,3),(314,2014,54,'2014-09-18 06:08:17',2,3),(315,2014,54,'2014-09-18 06:08:17',3,3),(316,2014,54,'2014-09-18 06:08:17',4,3),(317,2014,54,'2014-09-18 06:08:17',5,3),(318,2014,54,'2014-09-18 06:08:17',6,3),(319,2014,54,'2014-09-18 06:08:17',7,3),(320,2014,16,'2014-09-18 06:18:37',1,3),(321,2014,16,'2014-09-18 06:18:37',2,3),(322,2014,16,'2014-09-18 06:18:37',3,3),(323,2014,16,'2014-09-18 06:18:37',4,3),(324,2014,16,'2014-09-18 06:18:37',5,3),(325,2014,16,'2014-09-18 06:18:37',6,3),(326,2014,16,'2014-09-18 06:18:37',7,3),(327,2014,17,'2014-09-18 06:26:00',1,3),(328,2014,17,'2014-09-18 06:26:00',2,3),(329,2014,17,'2014-09-18 06:26:00',3,3),(330,2014,17,'2014-09-18 06:26:00',4,3),(331,2014,17,'2014-09-18 06:26:00',5,3),(332,2014,17,'2014-09-18 06:26:00',6,3),(333,2014,17,'2014-09-18 06:26:00',7,3),(334,2014,14,'2014-09-18 06:32:03',1,3),(335,2014,14,'2014-09-18 06:32:03',2,3),(336,2014,14,'2014-09-18 06:32:03',3,3),(337,2014,14,'2014-09-18 06:32:03',4,3),(338,2014,14,'2014-09-18 06:32:03',5,3),(339,2014,14,'2014-09-18 06:32:03',6,3),(340,2014,14,'2014-09-18 06:32:03',7,3),(341,2014,15,'2014-09-18 06:36:43',1,3),(342,2014,15,'2014-09-18 06:36:43',2,3),(343,2014,15,'2014-09-18 06:36:43',3,3),(344,2014,15,'2014-09-18 06:36:43',4,3),(345,2014,15,'2014-09-18 06:36:43',5,3),(346,2014,15,'2014-09-18 06:36:43',6,3),(347,2014,15,'2014-09-18 06:36:43',7,3),(348,2014,55,'2014-09-19 03:53:07',1,3),(349,2014,55,'2014-09-19 03:53:07',2,3),(350,2014,55,'2014-09-19 03:53:07',3,3),(351,2014,55,'2014-09-19 03:53:07',4,3),(352,2014,55,'2014-09-19 03:53:07',5,3),(353,2014,55,'2014-09-19 03:53:07',6,3),(354,2014,55,'2014-09-19 03:53:07',7,3),(355,2014,56,'2014-09-19 08:04:33',1,3),(356,2014,56,'2014-09-19 08:04:33',2,3),(357,2014,56,'2014-09-19 08:04:33',3,3),(358,2014,56,'2014-09-19 08:04:33',4,3),(359,2014,56,'2014-09-19 08:04:33',5,3),(360,2014,56,'2014-09-19 08:04:33',6,3),(361,2014,56,'2014-09-19 08:04:33',7,3),(363,2014,2,'2014-09-25 02:29:48',1,3),(364,2014,1,'2014-11-05 08:36:44',7,4),(365,2014,1,'2014-11-05 08:36:44',8,4),(366,2014,1,'2014-11-05 08:36:44',9,4),(367,2014,1,'2014-11-05 08:36:44',10,4),(371,2014,11,'2014-12-05 11:39:06',8,4),(372,2014,11,'2014-12-05 11:40:09',9,4),(373,2014,40,'2014-12-05 11:43:34',7,4),(375,2014,22,'2014-12-05 12:12:53',8,4),(376,2014,22,'2014-12-05 12:12:53',9,4),(379,2014,28,'2014-12-05 12:39:34',7,4),(380,2014,28,'2014-12-05 12:39:34',8,4),(381,2014,28,'2014-12-05 12:39:34',9,4),(388,2014,1,'2014-12-05 12:57:54',12,4),(389,2014,22,'2014-12-05 13:24:04',2,4),(390,2014,4,'2014-12-05 13:57:41',1,10),(391,2014,4,'2014-12-05 13:57:41',2,10),(392,2014,4,'2014-12-05 14:01:23',3,10),(393,2014,4,'2014-12-05 14:01:23',4,10),(394,2014,4,'2014-12-05 14:01:30',5,10),(395,2014,4,'2014-12-05 14:01:30',6,10),(396,2014,4,'2014-12-05 14:01:30',7,10),(399,2014,4,'2014-12-05 15:00:50',9,10),(400,2014,4,'2014-12-05 15:05:14',8,10),(401,2014,4,'2014-12-05 15:05:14',10,10),(402,2014,4,'2014-12-05 15:05:14',11,10),(403,2014,8,'2014-12-05 15:24:18',8,4),(404,2014,8,'2014-12-05 15:24:18',9,4),(405,2014,8,'2014-12-05 15:24:18',10,4),(406,2014,22,'2014-12-05 21:23:20',10,4),(407,2014,22,'2014-12-05 21:23:20',11,4);
/*!40000 ALTER TABLE `monthly_req_submitted` ENABLE KEYS */;
UNLOCK TABLES;

--
-- Table structure for table `mpfro`
--

DROP TABLE IF EXISTS `mpfro`;
/*!40101 SET @saved_cs_client     = @@character_set_client */;
/*!40101 SET character_set_client = utf8 */;
CREATE TABLE `mpfro` (
  `id` int(11) NOT NULL AUTO_INCREMENT,
  `agency_id` int(11) NOT NULL,
  `year` int(11) NOT NULL,
  `month` int(11) NOT NULL,
  `activity_id` int(11) NOT NULL,
  `allot_received` decimal(15,2) NOT NULL,
  `incurred` decimal(15,2) NOT NULL,
  `remaining` decimal(15,2) NOT NULL,
  `remarks` varchar(200) NOT NULL,
  PRIMARY KEY (`id`),
  UNIQUE KEY `activity_id` (`activity_id`),
  KEY `mpfro_b162e9d` (`agency_id`),
  CONSTRAINT `activity_id_refs_id_633da3b4` FOREIGN KEY (`activity_id`) REFERENCES `wfp_data` (`id`),
  CONSTRAINT `agency_id_refs_id_45cb3735` FOREIGN KEY (`agency_id`) REFERENCES `agency` (`id`)
) ENGINE=InnoDB DEFAULT CHARSET=utf8;
/*!40101 SET character_set_client = @saved_cs_client */;

--
-- Dumping data for table `mpfro`
--

LOCK TABLES `mpfro` WRITE;
/*!40000 ALTER TABLE `mpfro` DISABLE KEYS */;
/*!40000 ALTER TABLE `mpfro` ENABLE KEYS */;
UNLOCK TABLES;

--
-- Table structure for table `notification`
--

DROP TABLE IF EXISTS `notification`;
/*!40101 SET @saved_cs_client     = @@character_set_client */;
/*!40101 SET character_set_client = utf8 */;
CREATE TABLE `notification` (
  `id` int(11) NOT NULL AUTO_INCREMENT,
  `agency_id` int(11) NOT NULL,
  `date_notify` date NOT NULL,
  `subject` varchar(45) NOT NULL,
  `msg` longtext NOT NULL,
  PRIMARY KEY (`id`),
  KEY `notification_b162e9d` (`agency_id`),
  CONSTRAINT `agency_id_refs_id_74da32b3` FOREIGN KEY (`agency_id`) REFERENCES `agency` (`id`)
) ENGINE=InnoDB DEFAULT CHARSET=utf8;
/*!40101 SET character_set_client = @saved_cs_client */;

--
-- Dumping data for table `notification`
--

LOCK TABLES `notification` WRITE;
/*!40000 ALTER TABLE `notification` DISABLE KEYS */;
/*!40000 ALTER TABLE `notification` ENABLE KEYS */;
UNLOCK TABLES;

--
-- Table structure for table `performance_report`
--

DROP TABLE IF EXISTS `performance_report`;
/*!40101 SET @saved_cs_client     = @@character_set_client */;
/*!40101 SET character_set_client = utf8 */;
CREATE TABLE `performance_report` (
  `id` int(11) NOT NULL AUTO_INCREMENT,
  `activity_id` int(11) NOT NULL,
  `month` int(11) NOT NULL,
  `year` int(11) NOT NULL,
  `received` decimal(12,2) NOT NULL,
  `incurred` decimal(12,2) NOT NULL,
  `remarks` varchar(200) NOT NULL,
  PRIMARY KEY (`id`),
  UNIQUE KEY `activity_id` (`activity_id`),
  CONSTRAINT `activity_id_refs_id_56e478c2` FOREIGN KEY (`activity_id`) REFERENCES `wfp_data` (`id`)
) ENGINE=InnoDB AUTO_INCREMENT=9 DEFAULT CHARSET=utf8;
/*!40101 SET character_set_client = @saved_cs_client */;

--
-- Dumping data for table `performance_report`
--

LOCK TABLES `performance_report` WRITE;
/*!40000 ALTER TABLE `performance_report` DISABLE KEYS */;
INSERT INTO `performance_report` VALUES (2,289,6,2014,183700.00,183700.00,''),(5,292,1,2014,260525.00,260525.00,''),(8,361,8,2014,465015.00,359000.00,'');
/*!40000 ALTER TABLE `performance_report` ENABLE KEYS */;
UNLOCK TABLES;

--
-- Table structure for table `performancetarget`
--

DROP TABLE IF EXISTS `performancetarget`;
/*!40101 SET @saved_cs_client     = @@character_set_client */;
/*!40101 SET character_set_client = utf8 */;
CREATE TABLE `performancetarget` (
  `id` int(11) NOT NULL AUTO_INCREMENT,
  `wfp_activity_id` int(11) NOT NULL,
  `indicator` varchar(45) NOT NULL,
  `jan` int(11) NOT NULL,
  `jan_acc` int(11) NOT NULL,
  `feb` int(11) NOT NULL,
  `feb_acc` int(11) NOT NULL,
  `mar` int(11) NOT NULL,
  `mar_acc` int(11) NOT NULL,
  `apr` int(11) NOT NULL,
  `apr_acc` int(11) NOT NULL,
  `may` int(11) NOT NULL,
  `may_acc` int(11) NOT NULL,
  `jun` int(11) NOT NULL,
  `jun_acc` int(11) NOT NULL,
  `jul` int(11) NOT NULL,
  `jul_acc` int(11) NOT NULL,
  `aug` int(11) NOT NULL,
  `aug_acc` int(11) NOT NULL,
  `sept` int(11) NOT NULL,
  `sept_acc` int(11) NOT NULL,
  `oct` int(11) NOT NULL,
  `oct_acc` int(11) NOT NULL,
  `nov` int(11) NOT NULL,
  `nov_acc` int(11) NOT NULL,
  `dec` int(11) NOT NULL,
  `dec_acc` int(11) NOT NULL,
  PRIMARY KEY (`id`),
  KEY `performancetarget_80547e07` (`wfp_activity_id`),
  CONSTRAINT `wfp_activity_id_refs_id_310df8e3` FOREIGN KEY (`wfp_activity_id`) REFERENCES `wfp_data` (`id`)
) ENGINE=InnoDB AUTO_INCREMENT=891 DEFAULT CHARSET=utf8;
/*!40101 SET character_set_client = @saved_cs_client */;

--
-- Dumping data for table `performancetarget`
--

LOCK TABLES `performancetarget` WRITE;
/*!40000 ALTER TABLE `performancetarget` DISABLE KEYS */;
INSERT INTO `performancetarget` VALUES (1,1,'No. of employees paid',4,0,4,0,4,0,4,0,4,0,4,0,4,0,4,0,4,0,4,0,4,0,4,0),(2,1,'No. of employees paid',4,0,4,0,4,0,4,0,4,0,4,0,4,0,4,0,4,0,4,0,4,0,4,0),(3,1,'No. of employees paid',0,0,0,0,12,0,0,0,0,0,0,0,0,0,0,0,0,0,0,0,0,0,0,0),(4,1,'No. of employees paid',0,0,0,0,12,0,0,0,0,0,0,0,0,0,0,0,0,0,0,0,0,0,0,0),(5,1,'No. of employees paid',0,0,0,0,0,0,0,0,0,0,12,0,0,0,0,0,0,0,0,0,12,0,0,0),(30,19,'No. of employees paid',2,0,2,0,2,0,2,0,2,0,2,0,2,0,2,0,2,0,2,0,2,0,2,0),(41,25,'No. of Employees paid',20,0,20,0,20,0,20,0,20,0,20,0,20,0,20,0,20,0,20,0,20,0,20,0),(42,25,'No. of Employees paid',5,0,5,0,10,0,0,0,0,0,0,0,0,0,0,0,0,0,0,0,0,0,0,0),(57,31,'No. of employees paid',19,0,19,0,19,0,19,0,19,0,19,0,19,0,19,0,19,0,19,0,19,0,19,0),(58,31,'No. of employees paid',0,0,0,0,0,0,19,0,0,0,0,0,0,0,0,0,0,0,0,0,0,0,0,0),(59,31,'No. of employees paid',0,0,0,0,13,0,19,0,0,0,0,0,0,0,0,0,0,0,0,0,0,0,0,0),(60,31,'No. of employees paid',0,0,0,0,0,0,0,0,13,0,0,0,0,0,0,0,0,0,0,0,13,0,0,0),(63,33,'No. of Employees paid',1,0,1,0,1,0,1,0,1,0,1,0,1,0,1,0,1,0,1,0,1,0,1,0),(64,33,'No. of Employees paid',1,0,1,0,1,0,1,0,1,0,1,0,1,0,1,0,1,0,1,0,1,0,1,0),(65,33,'No. of Employees paid',1,0,1,0,1,0,1,0,1,0,1,0,1,0,1,0,1,0,1,0,1,0,1,0),(66,33,'No. of Employees paid',1,0,1,0,1,0,1,0,1,0,1,0,1,0,1,0,1,0,1,0,1,0,1,0),(67,33,'No. of Employees paid',1,0,1,0,1,0,1,0,1,0,1,0,1,0,1,0,1,0,1,0,1,0,1,0),(68,33,'No. of Employees paid',1,0,1,0,1,0,1,0,1,0,1,0,1,0,1,0,1,0,1,0,1,0,1,0),(69,33,'No. of Employees paid',0,0,0,0,0,0,0,0,0,0,0,0,0,0,0,0,0,0,0,0,0,0,0,0),(70,33,'No. of Employees paid',1,0,1,0,1,0,1,0,1,0,1,0,1,0,1,0,1,0,1,0,1,0,1,0),(71,33,'No. of Employees paid',1,0,1,0,1,0,1,0,1,0,1,0,1,0,1,0,1,0,1,0,1,0,1,0),(72,33,'No. of Employees paid',0,0,0,0,0,0,0,0,0,0,0,0,0,0,1,0,0,0,0,0,0,0,1,0),(73,33,'No. of Employees paid',0,0,0,0,0,0,0,0,0,0,1,0,0,0,0,0,0,0,0,0,0,0,1,0),(74,33,'No. of Employees paid',0,0,0,0,0,0,0,0,0,0,1,0,0,0,0,0,0,0,0,0,0,0,1,0),(75,33,'No. of Employees paid',0,0,0,0,0,0,0,0,0,0,0,0,0,0,0,0,0,0,0,0,0,0,1,0),(76,34,'payment',0,0,0,0,0,0,0,0,0,0,0,0,0,0,0,0,0,0,0,0,0,0,0,0),(81,36,'No. of Employees paid',0,0,0,0,0,0,0,0,0,0,1,0,0,0,0,0,1,0,0,0,0,0,1,0),(82,36,'No. of Employees paid',0,0,0,0,1,0,0,0,0,0,0,0,0,0,0,0,0,0,0,0,0,0,1,0),(83,36,'No. of Employees paid',0,0,0,0,1,0,0,0,0,0,0,0,0,0,0,0,0,0,0,0,0,0,0,0),(84,36,'No. of Employees paid',0,0,0,0,1,0,0,0,0,0,0,0,0,0,0,0,0,0,0,0,0,0,1,0),(85,36,'No. of Employees paid',1,0,1,0,1,0,1,0,1,0,1,0,1,0,1,0,1,0,1,0,1,0,1,0),(86,36,'No. of Employees paid',1,0,1,0,1,0,1,0,1,0,1,0,1,0,1,0,1,0,1,0,1,0,1,0),(87,36,'No. of Employees paid',1,0,1,0,1,0,1,0,1,0,1,0,1,0,1,0,1,0,1,0,1,0,1,0),(88,36,'No. of Employees paid',1,0,1,0,1,0,1,0,1,0,1,0,1,0,1,0,1,0,1,0,1,0,1,0),(89,36,'No. of Employees paid',1,0,1,0,1,0,1,0,1,0,1,0,1,0,1,0,1,0,1,0,1,0,1,0),(90,36,'No. of Employees paid',1,0,1,0,1,0,1,0,1,0,1,0,1,0,1,0,1,0,1,0,1,0,1,0),(91,37,'No. of Consultations conducted',0,0,1,0,1,0,0,0,0,0,0,0,0,0,0,0,0,0,0,0,0,0,0,0),(92,37,'No. of Peace mediator/Rido Watch Group Formed',0,0,0,0,1,0,0,0,0,0,0,0,0,0,0,0,0,0,0,0,0,0,0,0),(93,37,'No. of Module developed',0,0,0,0,1,0,0,0,0,0,0,0,0,0,0,0,0,0,0,0,0,0,0,0),(94,37,'No. of Forum conducted',0,0,0,0,1,0,0,0,0,0,1,0,0,0,0,0,0,0,0,0,0,0,0,0),(95,37,'No. of participants attended per province',0,0,0,0,130,0,0,0,0,0,0,0,0,0,0,0,0,0,0,0,0,0,0,0),(96,37,'No. of Peace summit conducted',0,0,0,0,0,0,0,0,0,0,1,0,0,0,0,0,0,0,0,0,0,0,0,0),(97,37,'No. of participants per province',0,0,0,0,0,0,0,0,0,0,30,0,0,0,0,0,0,0,0,0,0,0,0,0),(98,37,'No. of Solidarity Mission attended',0,0,0,0,1,0,0,0,0,0,30,0,0,0,0,0,0,0,0,0,0,0,0,0),(99,37,'No. of delegates',0,0,0,0,0,0,0,0,0,0,3,0,0,0,0,0,0,0,0,0,0,0,0,0),(100,37,'No. of dialogues conducted',0,0,0,0,0,0,0,0,0,0,0,0,0,0,0,0,1,0,0,0,0,0,0,0),(101,37,'No. of participants attended',0,0,0,0,0,0,0,0,0,0,0,0,0,0,0,0,30,0,0,0,0,0,0,0),(102,37,'No. of Rido settled per province',1,0,1,0,4,0,1,0,1,0,4,0,1,0,1,0,4,0,1,0,1,0,4,0),(103,37,'No. of hours per Radio Station',0,0,0,0,0,0,0,0,0,0,1,0,0,0,0,0,1,0,0,0,0,0,1,0),(121,41,'No. of strategic planning and conducted',0,0,0,0,1,0,0,0,0,0,0,0,0,0,0,0,0,0,0,0,0,0,0,0),(122,41,'No. of trainings attended',0,0,0,0,1,0,0,0,0,0,1,0,0,0,0,0,1,0,0,0,0,0,0,0),(123,41,'No. of orientation conducted',0,0,0,0,5,0,0,0,0,0,0,0,0,0,0,0,0,0,0,0,0,0,0,0),(137,42,'no. of trainings',0,0,0,0,0,0,0,0,0,0,1,0,0,0,0,0,1,0,0,0,0,0,1,0),(139,43,'no. of registered motorized bancas/vessels',0,0,0,0,1,0,0,0,0,0,1,0,0,0,0,0,1,0,0,0,0,0,0,0),(141,55,'no. of employees paid',4,0,3,0,3,0,4,0,3,0,3,0,4,0,3,0,3,0,4,0,3,0,3,0),(144,72,'no. of reports prepared and submitted to RBMO',4,0,4,0,4,0,4,0,4,0,4,0,4,0,4,0,4,0,4,0,4,0,4,0),(145,71,'no. of contractual personnel paid',15,0,15,0,15,0,15,0,15,0,15,0,15,0,15,0,15,0,15,0,15,0,15,0),(146,56,'no. of employees paid',6,0,6,0,6,0,6,0,6,0,6,0,6,0,6,0,6,0,6,0,6,0,6,0),(147,57,'no. of employees paid',10,0,10,0,10,0,0,0,0,0,0,0,0,0,0,0,0,0,0,0,0,0,0,0),(148,58,'no. of employees paid',10,0,10,0,10,0,10,0,10,0,10,0,10,0,10,0,10,0,10,0,10,0,10,0),(149,59,'no. of employees paid',0,0,0,0,10,0,0,0,0,0,0,0,0,0,0,0,0,0,0,0,0,0,0,0),(150,61,'shared contribution',0,0,0,0,0,0,0,0,0,0,1,0,0,0,0,0,0,0,0,0,0,0,0,0),(151,63,'expenses on variety of DOTC-ARMM activities',0,0,0,0,0,0,0,0,0,0,0,0,0,0,1,0,0,0,0,0,0,0,0,0),(152,65,'participation and attendance',0,0,0,0,1,0,0,0,0,0,1,0,0,0,0,0,1,0,0,0,1,0,0,0),(153,66,'participation and attendance',0,0,0,0,0,0,0,0,0,0,0,0,0,0,0,0,1,0,0,0,0,0,0,0),(154,67,'participation and attendance',0,0,0,0,0,0,0,0,0,0,0,0,0,0,1,0,0,0,1,0,0,0,0,0),(155,68,'no. of training conducted',0,0,0,0,0,0,0,0,1,0,0,0,0,0,0,0,0,0,0,0,0,0,0,0),(156,73,'no. of travels(monitoring)',2,0,1,0,1,0,2,0,1,0,1,0,2,0,1,0,1,0,2,0,1,0,1,0),(223,92,'no. of contractual personnel paid',13,0,13,0,13,0,13,0,13,0,13,0,13,0,13,0,13,0,13,0,13,0,13,0),(225,95,'no. of reports submitted',1,0,1,0,1,0,2,0,1,0,1,0,1,0,1,0,1,0,2,0,1,0,1,0),(226,96,'no. of reports released',1,0,1,0,1,0,2,0,1,0,1,0,1,0,1,0,1,0,2,0,1,0,1,0),(227,100,'cost of supplies and materials',1,0,1,0,1,0,1,0,1,0,1,0,1,0,1,0,1,0,1,0,1,0,1,0),(238,108,'No.of meetings conducted',1,0,0,0,0,0,1,0,0,0,0,0,1,0,0,0,0,0,1,0,0,0,0,0),(239,109,'No. of Meetings conducted',0,0,0,0,1,0,0,0,0,0,1,0,0,0,0,0,1,0,0,0,0,0,1,0),(276,116,'No. of Employees Paid',7,0,7,0,7,0,7,0,7,0,7,0,7,0,7,0,7,0,7,0,7,0,7,0),(278,118,'No. of Employees Paid',0,0,0,0,7,0,0,0,0,0,0,0,0,0,0,0,0,0,0,0,0,0,0,0),(279,119,'No. of monitored and implemented policies',16,0,17,0,17,0,16,0,17,0,17,0,16,0,17,0,17,0,16,0,17,0,17,0),(281,120,'No. of employees employed',2,0,2,0,2,0,2,0,2,0,2,0,2,0,2,0,2,0,2,0,2,0,2,0),(282,115,'No. of employees contracted out',3,0,3,0,4,0,3,0,3,0,4,0,3,0,3,0,4,0,3,0,3,0,4,0),(283,121,'No. of employees employed',2,0,2,0,2,0,2,0,2,0,2,0,2,0,2,0,2,0,2,0,2,0,2,0),(284,124,'No. of Trainings conducted',0,0,0,0,0,0,1,0,0,0,0,0,0,0,1,0,0,0,0,0,0,0,0,0),(287,127,'No. of Employees Paid',0,0,0,0,0,0,0,0,0,0,0,0,0,0,0,0,0,0,0,0,7,0,0,0),(351,144,'no. of budget releases made',1,0,1,0,1,0,1,0,1,0,1,0,1,0,1,0,1,0,1,0,1,0,1,0),(352,145,'no. of reconciliation made',1,0,1,0,1,0,1,0,1,0,1,0,1,0,1,0,1,0,1,0,1,0,1,0),(353,146,'no. of reliable reports submitted',1,0,1,0,1,0,1,0,1,0,2,0,1,0,1,0,2,0,1,0,2,0,1,0),(388,171,'No. of employees paid',3,0,3,0,4,0,3,0,3,0,4,0,3,0,3,0,4,0,3,0,3,0,4,0),(395,179,'Professional Fee',4,0,4,0,4,0,4,0,4,0,4,0,4,0,4,0,4,0,4,0,4,0,4,0),(396,180,'Extraordinary Expenses',1,0,1,0,1,0,1,0,1,0,1,0,1,0,1,0,1,0,1,0,1,0,1,0),(397,181,'Copy of the baseline',0,0,0,0,0,0,0,0,0,0,2,0,0,0,0,0,0,0,0,0,0,0,0,0),(398,182,'EO Copy & action plan',0,0,0,0,2,0,0,0,0,0,1,0,0,0,0,0,1,0,0,0,0,0,1,0),(399,183,'List of Youth Volunteers',0,0,0,0,1,0,1,0,1,0,1,0,2,0,1,0,1,0,0,0,0,0,2,0),(400,184,'Youth Action Plan',0,0,0,0,0,0,1,0,1,0,1,0,1,0,1,0,1,0,1,0,1,0,1,0),(401,185,'Youth Empowerment Plan',0,0,0,0,0,0,0,0,0,0,0,0,0,0,0,0,0,0,0,0,0,0,0,0),(402,187,'No. of payrolls made',0,0,0,0,1,0,0,0,0,0,0,0,0,0,0,0,0,0,0,0,0,0,0,0),(403,188,'No. of Releases',0,0,0,0,0,0,0,0,0,0,1,0,0,0,0,0,0,0,0,0,1,0,0,0),(404,189,'No. of Releases',0,0,0,0,0,0,0,0,0,0,1,0,0,0,0,0,0,0,0,0,1,0,0,0),(406,192,'No. of Payments',3,0,3,0,3,0,3,0,3,0,3,0,3,0,3,0,3,0,3,0,3,0,3,0),(407,193,'No. of Payments',3,0,3,0,3,0,3,0,3,0,3,0,3,0,3,0,3,0,3,0,3,0,3,0),(408,194,'No. of employees paid',0,0,0,0,1,0,0,0,0,0,1,0,0,0,0,0,1,0,0,0,0,0,1,0),(409,195,'No. of Payments',3,0,3,0,3,0,3,0,3,0,3,0,3,0,3,0,3,0,3,0,3,0,3,0),(410,196,'No. of employees paid',2,0,1,0,1,0,2,0,1,0,1,0,2,0,1,0,1,0,2,0,1,0,1,0),(411,197,'No. of Payments',3,0,3,0,3,0,3,0,3,0,3,0,3,0,3,0,3,0,3,0,3,0,3,0),(412,198,'No. of employees paid',0,0,0,0,1,0,0,0,0,0,1,0,0,0,0,0,1,0,0,0,0,0,1,0),(413,199,'No. of Payments',3,0,3,0,3,0,3,0,3,0,3,0,3,0,3,0,3,0,3,0,3,0,3,0),(414,200,'No. of employees paid',0,0,0,0,1,0,0,0,0,0,1,0,0,0,0,0,1,0,0,0,0,0,1,0),(416,202,'No. of employees paid',0,0,0,0,1,0,0,0,0,0,1,0,0,0,0,0,1,0,0,0,0,0,1,0),(417,203,'No. of Payments',3,0,3,0,3,0,3,0,3,0,3,0,3,0,3,0,3,0,3,0,3,0,3,0),(418,204,'No. of reports submitted',0,0,0,0,1,0,0,0,0,0,2,0,0,0,0,0,2,0,0,0,0,0,2,0),(419,205,'No. of Payments',3,0,3,0,3,0,3,0,3,0,3,0,3,0,3,0,3,0,3,0,3,0,3,0),(420,206,'No. of Bills paid',2,0,1,0,1,0,2,0,1,0,1,0,2,0,1,0,1,0,2,0,1,0,1,0),(421,207,'No. of Payments',3,0,3,0,3,0,3,0,3,0,3,0,3,0,3,0,3,0,3,0,3,0,3,0),(422,208,'No. of documents reproduced',10,0,10,0,5,0,10,0,10,0,5,0,10,0,10,0,5,0,10,0,10,0,5,0),(424,210,'No. of Employees Paid',10,0,10,0,10,0,10,0,10,0,10,0,10,0,10,0,10,0,10,0,10,0,10,0),(425,211,'No. of airports (landslide) maintained',2,0,1,0,1,0,0,0,1,0,0,0,1,0,0,0,1,0,0,0,1,0,0,0),(430,216,'no. of trainings',0,0,0,0,0,0,0,0,1,0,0,0,0,0,1,0,0,0,0,0,1,0,0,0),(431,217,'no. of registered motorized bancas/vessels',0,0,0,0,1,0,0,0,0,0,1,0,0,0,0,0,1,0,0,0,0,0,0,0),(432,218,'no. of policies enforces as the case',0,0,0,0,0,0,0,0,0,0,1,0,0,0,0,0,1,0,0,0,0,0,0,0),(438,225,'No. trainings attended/participated',0,0,0,0,1,0,0,0,0,0,1,0,0,0,0,0,1,0,0,0,1,0,0,0),(439,225,'No. trainings re-echoed to co-staff/personnel',0,0,0,0,1,0,0,0,0,0,1,0,0,0,1,0,1,0,0,0,0,0,1,0),(445,233,'no. of supplies/materials purchase',0,0,0,0,1,0,0,0,0,0,0,0,0,0,0,0,1,0,0,0,0,0,0,0),(446,235,'no. of job order or contract of servcie',5,0,5,0,5,0,5,0,5,0,5,0,5,0,5,0,5,0,5,0,5,0,5,0),(447,236,'no. of employees paid',20,0,20,0,20,0,20,0,20,0,20,0,20,0,20,0,20,0,20,0,20,0,20,0),(448,237,'No. of Employees Paid',10,0,10,0,10,0,10,0,10,0,10,0,10,0,10,0,10,0,10,0,10,0,10,0),(449,238,'No. of Employees Paid',6,0,6,0,6,0,6,0,6,0,6,0,6,0,6,0,6,0,6,0,6,0,6,0),(450,239,'No. of Employees Paid',0,0,0,0,10,0,0,0,0,0,0,0,0,0,0,0,0,0,0,0,0,0,0,0),(451,240,'No. of Employees Paid',10,0,10,0,10,0,10,0,10,0,10,0,10,0,10,0,10,0,10,0,10,0,10,0),(452,242,'No. of Employees Paid',0,0,0,0,0,0,0,0,10,0,0,0,0,0,0,0,0,0,0,0,10,0,0,0),(453,245,'Participation and attendance',0,0,0,0,1,0,0,0,0,0,1,0,0,0,0,0,1,0,0,0,1,0,0,0),(454,246,'Participation and attendance',0,0,0,0,0,0,0,0,0,0,0,0,0,0,0,0,1,0,0,0,0,0,0,0),(455,247,'Participation and attendance',0,0,0,0,0,0,0,0,0,0,0,0,0,0,1,0,0,0,1,0,0,0,0,0),(456,248,'no of employees paid ',2,0,2,0,2,0,2,0,2,0,2,0,2,0,2,0,2,0,2,0,2,0,2,0),(457,249,'no. of employees paid',0,0,0,0,20,0,0,0,0,0,0,0,0,0,0,0,0,0,0,0,0,0,0,0),(458,250,'no of employees paid',0,0,0,0,20,0,0,0,0,0,0,0,0,0,0,0,0,0,0,0,0,0,0,0),(459,251,'no of employees paid',0,0,0,0,0,0,0,0,0,0,1,0,0,0,0,0,0,0,0,0,0,0,1,0),(460,253,'No. of Payments',0,0,0,0,0,0,0,0,0,0,0,0,0,0,0,0,0,0,0,0,0,0,0,0),(462,256,'no. of reports submitted',2,0,2,0,2,0,2,0,2,0,2,0,2,0,2,0,2,0,2,0,2,0,2,0),(463,256,'no. of bills paid',5,0,5,0,5,0,5,0,5,0,5,0,5,0,5,0,5,0,5,0,5,0,5,0),(464,256,'no. of documents reproduced',5,0,5,0,2,0,5,0,5,0,2,0,5,0,5,0,2,0,5,0,5,0,2,0),(465,256,'no. of forms prepared',5,0,5,0,5,0,5,0,5,0,5,0,5,0,5,0,5,0,5,0,5,0,5,0),(466,256,'no. of manual drafted',7,0,7,0,7,0,7,0,7,0,7,0,7,0,7,0,7,0,7,0,7,0,7,0),(467,256,'no. of personnel files updated',5,0,5,0,5,0,5,0,5,0,5,0,5,0,5,0,5,0,5,0,5,0,5,0),(468,256,'no. of records filed & released',15,0,15,0,15,0,15,0,15,0,15,0,15,0,15,0,15,0,15,0,15,0,15,0),(469,256,'no. of letters & memo drafted',15,0,15,0,15,0,15,0,15,0,15,0,15,0,15,0,15,0,15,0,15,0,15,0),(470,256,'no. of citizen charter developed',1,0,0,0,0,0,0,0,0,0,0,0,0,0,0,0,0,0,0,0,0,0,0,0),(471,256,'no. of activities participated',3,0,3,0,3,0,3,0,3,0,3,0,3,0,3,0,3,0,3,0,3,0,3,0),(472,256,'no. of staff assessment made',1,0,1,0,1,0,1,0,1,0,1,0,1,0,1,0,1,0,1,0,1,0,1,0),(473,256,'no. of staff meetings conducted',1,0,1,0,1,0,1,0,1,0,1,0,1,0,1,0,1,0,1,0,1,0,1,0),(474,256,'no. of docuemnts processed',14,0,14,0,14,0,14,0,14,0,14,0,14,0,14,0,14,0,14,0,14,0,14,0),(475,256,'no. of forms prepared',15,0,15,0,15,0,15,0,15,0,15,0,15,0,15,0,15,0,15,0,15,0,15,0),(476,256,'no. of reports submitted',2,0,2,0,2,0,2,0,2,0,2,0,2,0,2,0,2,0,2,0,2,0,2,0),(493,276,'No. of Payments',0,0,0,0,0,0,0,0,0,0,0,0,0,0,0,0,0,0,0,0,0,0,0,0),(496,278,'no. of training conducted',1,0,1,0,1,0,3,0,3,0,3,0,0,0,0,0,0,0,0,0,0,0,0,0),(517,289,'No. of reports submitted',2,0,2,0,2,0,2,0,2,0,2,3,2,0,2,0,2,0,2,0,2,0,2,0),(518,289,'No. of Bills Paid',5,0,5,0,5,0,5,0,5,0,5,6,5,0,5,0,5,0,5,0,5,0,5,0),(519,289,'No. of Documents Produced',20,0,20,0,20,0,20,0,20,0,20,23,20,0,20,0,20,0,20,0,20,0,20,0),(520,289,'No. of Forms Prepared',20,0,20,0,20,0,20,0,20,0,20,17,20,0,20,0,20,0,20,0,20,0,20,0),(525,292,'No. of Documents Processed',45,40,45,0,45,0,45,0,45,0,45,0,45,0,45,0,45,0,45,0,45,0,45,0),(526,292,'No. of Forms Prepared',45,47,45,0,45,0,45,0,45,0,45,0,45,0,45,0,45,0,45,0,45,0,45,0),(527,292,'No. of Reports Submitted',5,4,5,0,5,0,5,0,5,0,5,0,5,0,5,0,5,0,5,0,5,0,5,0),(535,296,'No. of Trainings Conducted',0,0,1,0,0,0,0,0,0,0,0,0,0,0,0,0,0,0,0,0,0,0,0,0),(536,296,'No. of Trainings Conducted',0,0,1,0,1,0,0,0,0,0,0,0,0,0,0,0,0,0,0,0,0,0,0,0),(539,299,'No. of training conducted',1,0,1,0,0,0,2,0,2,0,2,0,1,0,1,0,0,0,0,0,0,0,0,0),(540,299,'No. of beneficiaries trained',17,0,17,0,17,0,17,0,17,0,17,0,17,0,17,0,17,0,17,0,17,0,17,0),(541,299,'No. of tool kits released',17,0,17,0,17,0,17,0,17,0,17,0,17,0,17,0,17,0,17,0,17,0,17,0),(545,301,'No. of offices with established coordination',1,0,1,0,1,0,1,0,1,0,1,0,1,0,1,0,1,0,1,0,1,0,1,0),(546,301,'No. of Coordination meeting conducted ',1,0,1,0,1,0,1,0,1,0,1,0,1,0,1,0,1,0,1,0,1,0,1,0),(547,301,'No. of relevant data uploaded',1,0,1,0,1,0,1,0,1,0,1,0,1,0,1,0,1,0,1,0,1,0,1,0),(548,302,'No. of acted communication data',0,0,0,0,0,0,0,0,0,0,0,0,0,0,0,0,0,0,0,0,0,0,0,0),(549,302,'No. of computer with LAN',0,0,0,0,0,0,0,0,0,0,4,0,0,0,0,0,0,0,0,0,0,0,0,0),(550,302,'No. of database of local fund established',0,0,0,0,0,0,0,0,0,0,1,0,0,0,0,0,0,0,0,0,0,0,0,0),(551,303,'No. of budget releases made',50,0,50,0,50,0,50,0,50,0,50,0,50,0,50,0,50,0,50,0,50,0,50,0),(552,303,'No. of reconciliation made',50,0,50,0,50,0,50,0,50,0,50,0,50,0,50,0,50,0,50,0,50,0,50,0),(553,303,'No. of reliable reports submitted',0,0,0,0,1,0,0,0,0,0,1,0,0,0,0,0,1,0,0,0,0,0,1,0),(555,304,'No. of local forms improved',13,0,0,0,0,0,0,0,0,0,0,0,0,0,0,0,0,0,0,0,0,0,0,0),(556,304,'No. of policies drafted',2,0,0,0,0,0,0,0,0,0,0,0,0,0,0,0,0,0,0,0,0,0,0,0),(557,304,'No. of meetings conducted',2,0,2,0,2,0,2,0,2,0,2,0,2,0,2,0,2,0,2,0,2,0,2,0),(558,305,'No. of consultations/meetings made',2,0,2,0,2,0,2,0,2,0,2,0,2,0,2,0,2,0,2,0,2,0,2,0),(559,305,'No. of budget forum made',0,0,1,0,0,0,0,0,0,0,0,0,0,0,0,0,0,0,0,0,0,0,0,0),(560,305,'No. of LF budget activity conducted on time',1,0,1,0,1,0,1,0,1,0,1,0,1,0,1,0,1,0,1,0,1,0,1,0),(561,305,'No. of budget hearing conducted',0,0,0,0,0,0,0,0,0,0,0,0,0,0,0,0,1,0,0,0,0,0,0,0),(562,305,'No. of offices assisted',25,0,25,0,25,0,25,0,25,0,25,0,25,0,25,0,25,0,25,0,25,0,25,0),(563,305,'No. of budget proposal reviewed and evaluated',66,0,0,0,0,0,0,0,0,0,0,0,0,0,0,0,0,0,0,0,0,0,0,0),(564,305,'No. of budget proposals consolidated',66,0,0,0,0,0,0,0,0,0,0,0,0,0,0,0,0,0,0,0,0,0,0,0),(565,305,'No. of budget proposals submitted to RLA',0,0,0,0,0,0,0,0,0,0,0,0,0,0,0,0,66,0,0,0,0,0,0,0),(568,307,'No. of WFP reviewed and evaluated',66,0,0,0,0,0,0,0,0,0,0,0,0,0,0,0,0,0,0,0,0,0,0,0),(587,309,'No. of Employees Paid',0,0,0,0,0,0,0,0,12,0,0,0,0,0,0,0,0,0,0,0,12,0,0,0),(588,310,'No. of historical documented',8,0,8,0,8,0,8,0,8,0,8,0,8,0,8,0,8,0,8,0,8,0,8,0),(589,310,'No. of trainings conducted',1,0,1,0,1,0,1,0,1,0,1,0,1,0,1,0,1,0,1,0,1,0,1,0),(590,310,'No. of seminars conducted',1,0,1,0,0,0,2,0,2,0,0,0,2,0,2,0,2,0,1,0,1,0,0,0),(591,311,'No. of travels paid',3,0,3,0,3,0,3,0,3,0,3,0,3,0,3,0,3,0,3,0,3,0,3,0),(592,312,'No. of training paid ',3,0,3,0,3,0,3,0,3,0,3,0,3,0,3,0,3,0,3,0,3,0,3,0),(593,313,'No. of payments made',1,0,1,0,1,0,1,0,1,0,1,0,1,0,1,0,1,0,1,0,1,0,1,0),(595,315,'No. of employees paid',12,0,12,0,12,0,12,0,12,0,12,0,12,0,12,0,12,0,12,0,12,0,12,0),(596,316,'Investment generation (Million Php)',50,0,50,0,50,0,50,0,50,0,50,0,50,0,50,0,50,0,50,0,50,0,50,0),(597,317,'No PI indicated',0,0,0,0,0,0,0,0,0,0,0,0,0,0,0,0,0,0,0,0,0,0,0,0),(598,318,'No PI indicated',0,0,0,0,0,0,0,0,0,0,0,0,0,0,0,0,0,0,0,0,0,0,0,0),(599,319,'No. of employees paid',9,0,9,0,9,0,9,0,9,0,9,0,9,0,9,0,9,0,9,0,9,0,9,0),(600,320,'No. of employees paid',6,0,6,0,6,0,6,0,6,0,6,0,6,0,6,0,6,0,6,0,6,0,6,0),(601,321,'No. of employees paid',6,0,6,0,6,0,6,0,6,0,6,0,6,0,6,0,6,0,6,0,6,0,6,0),(602,322,'No. of employees paid',4,0,4,0,4,0,4,0,4,0,4,0,4,0,4,0,4,0,4,0,4,0,4,0),(603,323,'No. of employees paid',6,0,6,0,6,0,6,0,6,0,6,0,6,0,6,0,6,0,6,0,6,0,6,0),(604,324,'No. of employees paid',6,0,6,0,6,0,6,0,6,0,6,0,6,0,6,0,6,0,6,0,6,0,6,0),(605,325,'No. of employees paid',6,0,6,0,6,0,6,0,6,0,6,0,6,0,6,0,6,0,6,0,6,0,6,0),(606,326,'No. of meetings attended',0,0,0,0,1,0,0,0,0,0,1,0,0,0,0,0,1,0,0,0,0,0,1,0),(607,327,'No. of orientation conducted',1,0,1,0,1,0,1,0,1,0,1,0,1,0,1,0,1,0,1,0,1,0,1,0),(608,328,'No. of purchases made',0,0,1,0,0,0,0,0,1,0,0,0,0,0,1,0,1,0,0,0,1,0,1,0),(609,329,'No. of bills paid',5,0,5,0,5,0,5,0,5,0,5,0,5,0,5,0,5,0,5,0,5,0,5,0),(610,330,'No. of devices subscribed',0,0,0,0,0,0,0,0,0,0,1,0,0,0,0,0,0,0,0,0,0,0,0,0),(611,331,'No. of promotional materials purchased',0,0,0,0,1,0,0,0,0,0,1,0,0,0,0,0,1,0,0,0,0,0,1,0),(612,332,'No. of employees paid',3,0,3,0,3,0,3,0,3,0,3,0,3,0,3,0,3,0,3,0,3,0,3,0),(613,333,'No. of deliveries made',0,0,0,0,2,0,0,0,0,0,2,0,0,0,0,0,2,0,0,0,0,0,2,0),(614,334,'No. of repairs made',0,0,0,0,0,0,1,0,0,0,0,0,0,0,0,0,0,0,1,0,0,0,0,0),(615,334,'No. of repairs made',0,0,0,0,0,0,0,0,0,0,1,0,0,0,0,0,0,0,0,0,0,0,1,0),(616,335,'No. of unusual expenses paid',0,0,0,0,0,0,1,0,0,0,0,0,0,0,0,0,0,0,1,0,0,0,0,0),(617,336,'No. of housing units completed',15,0,15,0,4,0,0,0,0,0,0,0,0,0,0,0,0,0,0,0,0,0,0,0),(629,349,'No. of employees paid',16,0,16,0,16,0,16,0,16,0,16,0,16,0,16,0,16,0,16,0,16,0,16,0),(630,350,'No. of employees paid',3,0,3,0,3,0,3,0,3,0,3,0,3,0,3,0,3,0,3,0,3,0,3,0),(631,351,'No. of employees paid',3,0,3,0,3,0,3,0,3,0,3,0,3,0,3,0,3,0,3,0,3,0,3,0),(632,352,'No. of employees paid',0,0,0,0,0,0,3,0,3,0,3,0,0,0,0,0,0,0,0,0,0,0,0,0),(633,353,'No. of employees paid',0,0,0,0,0,0,3,0,3,0,3,0,0,0,0,0,0,0,0,0,0,0,0,0),(634,354,'No. of employees paid',0,0,0,0,0,0,3,0,3,0,3,0,0,0,0,0,0,0,3,0,3,0,3,0),(635,355,'No. of reports submitted',3,0,3,0,3,0,3,0,3,0,3,0,3,0,3,0,3,0,3,0,3,0,3,0),(644,358,'No. of Team Building Activity Conducted',0,0,0,0,1,0,0,0,0,0,0,0,0,0,0,0,0,0,0,0,0,0,0,0),(645,359,'No. of hearings attended',1,0,1,0,1,0,1,0,1,0,1,0,1,0,1,0,2,0,1,0,1,0,1,0),(648,361,'No. of Employees Paid',26,0,26,0,26,0,26,0,26,0,26,0,26,0,26,26,26,0,26,0,26,0,26,0),(649,362,'No. of Employees Paid',9,0,9,0,9,0,9,0,9,0,9,0,9,0,9,0,9,0,9,0,9,0,9,0),(650,363,'No. of Employees Paid',0,0,0,0,45,0,0,0,0,0,0,0,0,0,0,0,0,0,0,0,0,0,0,0),(654,369,'No. of Employees Paid',0,0,0,0,9,0,0,0,0,0,0,0,0,0,0,0,0,0,0,0,0,0,0,0),(655,370,'No. of Employees Paid',0,0,0,0,0,0,0,0,0,0,9,0,0,0,0,0,0,0,0,0,0,0,9,0),(656,373,'No. of Training conducted',1,0,1,0,1,0,1,0,1,0,1,0,1,0,1,0,2,0,1,0,1,0,2,0),(657,373,'No. of Participants attended and trained',1,0,1,0,0,0,0,0,0,0,0,0,0,0,0,0,0,0,0,0,0,0,0,0),(658,373,'No. of meetings & conference conducted',1,0,1,0,0,0,1,0,1,0,0,0,1,0,1,0,0,0,1,0,1,0,0,0),(659,373,'% of ARG officials subjected to TNA',0,0,0,0,0,0,0,0,0,0,0,0,0,0,0,0,0,0,0,0,0,0,0,0),(660,373,'% of TTWG organized and mobilized',0,0,0,0,0,0,0,0,0,0,0,0,0,0,0,0,0,0,0,0,0,0,0,0),(661,373,'% of participants attended',0,0,0,0,0,0,0,0,0,0,0,0,0,0,0,0,0,0,0,0,0,0,0,0),(662,373,'% of training materials available',0,0,0,0,0,0,0,0,0,0,0,0,0,0,0,0,0,0,0,0,0,0,0,0),(663,373,'% of participants attended',0,0,0,0,0,0,0,0,0,0,0,0,0,0,0,0,0,0,0,0,0,0,0,0),(664,373,'No. of HRMOs trained',0,0,0,0,26,0,0,0,0,0,26,0,0,0,0,0,26,0,0,0,0,0,26,0),(665,373,'No. of Secretaries and Deputies',0,0,0,0,5,0,0,0,0,0,5,0,0,0,0,0,5,0,0,0,0,0,5,0),(666,373,'No. of Deputies trained',0,0,0,0,5,0,0,0,0,0,5,0,0,0,0,0,5,0,0,0,0,0,5,0),(667,373,'No. of planners trained ',10,0,10,0,5,0,5,0,5,0,5,0,20,0,5,0,5,0,10,0,10,0,5,0),(668,373,'No. of program manager attended and trained',10,0,10,0,5,0,5,0,5,0,5,0,8,0,8,0,8,0,7,0,7,0,7,0),(669,373,'No. of trainors attended and trained',5,0,5,0,5,0,5,0,5,0,5,0,5,0,5,0,5,0,5,0,5,0,5,0),(670,374,'No. of Employees Paid',3,0,3,0,3,0,3,0,3,0,3,0,3,0,3,0,3,0,3,0,3,0,3,0),(671,375,'No. of Employees Paid',3,0,3,0,3,0,3,0,3,0,3,0,3,0,3,0,3,0,3,0,3,0,3,0),(672,376,'No. of Employees Paid',0,0,0,0,1,0,0,0,0,0,1,0,0,0,0,0,0,0,0,0,1,0,0,0),(673,378,'No. of Employees Paid',3,0,3,0,3,0,3,0,3,0,3,0,3,0,3,0,3,0,3,0,3,0,3,0),(674,379,'No. of Employees Paid',3,0,3,0,3,0,3,0,3,0,3,0,3,0,3,0,3,0,3,0,3,0,3,0),(675,380,'no. of media outfit authorized to publish mes',4,0,4,0,4,0,4,0,4,0,4,0,4,0,4,0,4,0,4,0,4,0,4,0),(676,381,'no. of media outfit authorized to publish mes',4,0,4,0,2,0,3,0,3,0,2,0,3,0,3,0,2,0,3,0,3,0,2,0),(677,382,'No. of staff to claim travel',2,0,2,0,2,0,2,0,2,0,2,0,2,0,2,0,2,0,2,0,2,0,2,0),(678,383,'no. of distributed newsletter and hardcopy',0,0,0,0,1250,0,0,0,0,0,1250,0,0,0,0,0,1250,0,0,0,1250,0,0,0),(679,384,'No. of maintenance of server/website/internet',1,0,1,0,0,0,0,0,0,0,1,0,0,0,0,0,0,0,0,0,0,0,0,0),(680,385,'No. of coverage of the activity by national m',0,0,1,0,0,0,0,0,0,0,0,0,0,0,0,0,0,0,1,0,0,0,0,0),(681,386,'No. of stations airing the Aksyon ARMM',7,0,7,0,7,0,7,0,7,0,7,0,7,0,7,0,7,0,7,0,7,0,7,0),(682,387,'No. of airing the 10-15 minute TV production',4,0,4,0,4,0,4,0,4,0,4,0,4,0,4,0,4,0,4,0,4,0,4,0),(683,388,'No. of regular training of ARMM Guild of Info',0,0,0,0,1,0,0,0,0,0,0,0,0,0,0,0,0,0,0,0,0,0,0,0),(684,389,'No. of meetings/gathering of national budget ',0,0,0,0,0,0,0,0,1,0,0,0,0,0,0,0,0,0,0,0,0,0,0,0),(685,390,'No. of Employees Paid',5,0,5,0,5,0,5,0,5,0,5,0,5,0,5,0,5,0,5,0,5,0,5,0),(686,391,'No. of Employees Paid',5,0,5,0,5,0,5,0,5,0,5,0,5,0,5,0,5,0,5,0,5,0,5,0),(687,392,'No. of Employees Paid',0,0,0,0,5,0,0,0,0,0,0,0,0,0,0,0,0,0,0,0,0,0,0,0),(688,393,'No. of Employees Paid',0,0,0,0,5,0,0,0,0,0,0,0,0,0,0,0,0,0,0,0,0,0,0,0),(689,395,'No. of Employees Paid',0,0,0,0,0,0,0,0,0,0,5,0,0,0,0,0,0,0,0,0,0,0,5,0),(691,397,'No. of Employees Paid',30,0,30,0,30,0,30,0,30,0,30,0,30,0,30,0,30,0,30,0,30,0,30,0),(692,398,'No. of reports submitted',2,0,1,0,1,0,2,0,1,0,1,0,2,0,1,0,1,0,2,0,1,0,1,0),(693,398,'No. of activities participated',1,0,1,0,1,0,1,0,1,0,1,0,1,0,1,0,1,0,1,0,1,0,1,0),(694,398,'No. of Documents processed',4,0,4,0,2,0,4,0,4,0,2,0,4,0,4,0,2,0,4,0,4,0,2,0),(695,398,'No. of Documents Reproduced',4,0,4,0,2,0,5,0,5,0,5,0,5,0,5,0,5,0,4,0,4,0,2,0),(696,399,'No. of RW trained',1,0,1,0,2,0,1,0,1,0,2,0,1,0,1,0,2,0,1,0,1,0,2,0),(697,399,'% of RW with developed skills',0,0,0,0,0,0,0,0,0,0,0,0,0,0,0,0,0,0,0,0,0,0,0,0),(698,399,'% of RW with improved standard of living',0,0,0,0,0,0,0,0,0,0,0,0,0,0,0,0,0,0,0,0,0,0,0,0),(699,399,'% of trained RWs within the target quarter',0,0,0,0,0,0,0,0,0,0,0,0,0,0,0,0,0,0,0,0,0,0,0,0),(700,399,'% of employed RWs with augmented income withi',0,0,0,0,0,0,0,0,0,0,0,0,0,0,0,0,0,0,0,0,0,0,0,0),(701,400,'No. of Jobs fair and other activities conduct',0,0,0,0,0,0,3,0,0,0,0,0,0,0,0,0,0,0,0,0,0,0,0,0),(702,400,'No. of Jobs fair and other activities conduct',0,0,0,0,0,0,3,0,0,0,0,0,0,0,0,0,0,0,0,0,0,0,0,0),(703,400,'% of activities successfully conducted',0,0,0,0,0,0,3,0,0,0,0,0,0,0,0,0,0,0,0,0,0,0,0,0),(704,401,'No. of payments',0,0,0,0,0,0,0,0,0,0,0,0,0,0,0,0,0,0,0,0,0,0,0,0),(705,402,'No. of payments',1,0,1,0,1,0,1,0,1,0,1,0,1,0,1,0,1,0,1,0,1,0,1,0),(706,403,'No. of Payments',1,0,1,0,1,0,1,0,1,0,1,0,1,0,1,0,1,0,1,0,1,0,1,0),(707,404,'No. of Employees Paid',6,0,6,0,6,0,6,0,6,0,6,0,6,0,6,0,6,0,6,0,6,0,6,0),(708,405,'No. of training/Seminar paid',0,0,0,0,0,0,0,0,2,0,0,0,2,0,0,0,0,0,0,0,0,0,0,0),(709,406,'No. of Payments',1,0,1,0,1,0,1,0,1,0,1,0,1,0,1,0,1,0,1,0,1,0,1,0),(710,407,'No. of payments made',1,0,1,0,1,0,1,0,1,0,1,0,1,0,1,0,1,0,1,0,1,0,1,0),(711,409,'No. of Bills Paid',1,0,1,0,1,0,1,0,1,0,1,0,1,0,1,0,1,0,1,0,1,0,1,0),(712,410,'No. of liters paid',1,0,1,0,1,0,1,0,1,0,1,0,1,0,1,0,1,0,1,0,1,0,1,0),(713,411,'No. of repair paid',0,0,0,0,0,0,0,0,0,0,0,0,1,0,0,0,0,0,0,0,0,0,0,0),(715,413,'No. of Insurance paid',0,0,0,0,0,0,0,0,1,0,0,0,0,0,0,0,0,0,0,0,0,0,0,0),(716,414,'No. of Insurance paid',0,0,0,0,0,0,0,0,0,0,1,0,0,0,0,0,0,0,0,0,0,0,0,0),(717,415,'No. of Payments',1,0,1,0,1,0,1,0,1,0,1,0,1,0,1,0,1,0,1,0,1,0,1,0),(718,416,'No. of Payments',1,0,1,0,1,0,1,0,1,0,1,0,1,0,1,0,1,0,1,0,1,0,1,0),(719,417,'No. of Payments',1,0,1,0,1,0,1,0,1,0,1,0,1,0,1,0,1,0,1,0,1,0,1,0),(720,418,'No. of Payments',1,0,1,0,1,0,1,0,1,0,1,0,1,0,1,0,1,0,1,0,1,0,1,0),(721,419,'No. of Payments',1,0,1,0,1,0,1,0,1,0,1,0,1,0,1,0,1,0,1,0,1,0,1,0),(722,420,'No. of staff handling welfare cases',1,0,0,0,0,0,1,0,0,0,0,0,1,0,0,0,0,0,1,0,0,0,0,0),(723,421,'No. of airports assistance',2,0,2,0,1,0,2,0,2,0,1,0,2,0,2,0,1,0,2,0,2,0,1,0),(728,430,'No. of training attended',1,0,1,0,1,0,1,0,1,0,0,0,1,0,1,0,1,0,1,0,1,0,0,0),(729,430,'No. of Postages and deliveries paid',2,0,1,0,1,0,2,0,1,0,1,0,2,0,1,0,1,0,2,0,1,0,1,0),(730,430,'No. of purchase order',1,0,1,0,1,0,1,0,1,0,1,0,1,0,1,0,1,0,1,0,1,0,1,0),(731,430,'No. of bills paid',1,0,1,0,1,0,1,0,1,0,1,0,1,0,1,0,1,0,1,0,1,0,1,0),(732,430,'No. of professional services paid',0,0,0,0,0,0,0,0,0,0,0,0,0,0,0,0,1,0,0,0,0,0,0,0),(733,430,'No. of extra ordinary expenses paid',1,0,1,0,0,0,1,0,1,0,0,0,1,0,1,0,0,0,1,0,1,0,0,0),(734,430,'No. of documents reproduced',200,0,200,0,200,0,200,0,200,0,200,0,200,0,200,0,200,0,200,0,200,0,200,0),(735,431,'No. of job fair conducted',1,0,1,0,0,0,1,0,1,0,0,0,1,0,1,0,0,0,1,0,1,0,0,0),(736,431,'No. of OFW evaluated/processed/issued GEC',500,0,500,0,500,0,1000,0,500,0,500,0,400,0,400,0,200,0,400,0,400,0,200,0),(737,431,'No. of endorsement released',40,0,40,0,40,0,50,0,50,0,30,0,40,0,40,0,45,0,40,0,40,0,10,0),(738,432,'No. of Campaign',2,0,2,0,1,0,2,0,2,0,1,0,2,0,2,0,1,0,2,0,2,0,1,0),(739,432,'No. of Seminar conducted/',1,0,1,0,0,0,1,0,1,0,1,0,1,0,1,0,0,0,1,0,1,0,1,0),(740,432,'No. of pieces produced',1700,0,0,0,0,0,0,0,0,0,0,0,0,0,0,0,0,0,1000,0,0,0,0,0),(741,432,'No. of complaints or cases assisted',80,0,80,0,75,0,85,0,85,0,85,0,90,0,75,0,75,0,75,0,75,0,100,0),(742,433,'symposium conducted',0,0,0,0,0,0,0,0,0,0,1,0,0,0,0,0,0,0,0,0,0,0,0,0),(743,433,'% symposium successfully conducted',0,0,0,0,0,0,0,0,0,0,1,0,0,0,0,0,0,0,0,0,0,0,0,0),(744,433,'% symposium successfully conducted',0,0,0,0,0,0,0,0,0,0,1,0,0,0,0,0,0,0,0,0,0,0,0,0),(745,434,'Productivity training conducted',1,0,0,0,0,0,0,0,0,0,0,0,1,0,0,0,0,0,1,0,0,0,0,0),(746,434,'% of productivity trainings systematically co',0,0,0,0,0,0,0,0,0,0,0,0,0,0,0,0,0,0,0,0,0,0,0,0),(747,434,'% of productivity trainings conducted in Q1, ',0,0,0,0,0,0,0,0,0,0,0,0,0,0,0,0,0,0,0,0,0,0,0,0),(749,437,'15 Operations Pawis (Monitoring conducted)',1,0,0,0,0,0,1,0,1,0,0,0,1,0,0,0,0,0,1,0,0,0,0,0),(750,437,'% of Operasyon Pawis (monitoring) sufficientl',0,0,0,0,0,0,0,0,0,0,0,0,0,0,0,0,0,0,0,0,0,0,0,0),(751,437,'% of Operasyon Pawis (monitoring) conducted w',0,0,0,0,0,0,0,0,0,0,0,0,0,0,0,0,0,0,0,0,0,0,0,0),(753,439,'No. of Employees Paid',0,0,0,0,0,0,0,0,6,0,0,0,0,0,0,0,0,0,0,0,6,0,0,0),(754,440,'No. of Payments',6,0,6,0,6,0,6,0,6,0,6,0,6,0,6,0,6,0,6,0,6,0,6,0),(755,441,'No. of Employees Paid',0,0,0,0,0,0,0,0,0,0,0,0,0,0,0,0,0,0,0,0,6,0,0,0),(756,442,'No. of Employees Paid',0,0,0,0,0,0,6,0,0,0,0,0,0,0,0,0,0,0,0,0,0,0,0,0),(757,443,'No. of Employees Paid',0,0,0,0,0,0,6,0,0,0,0,0,0,0,0,0,0,0,0,0,0,0,0,0),(758,444,'No. of Payments',6,0,6,0,6,0,6,0,6,0,6,0,6,0,6,0,6,0,6,0,6,0,6,0),(760,447,'No. of orientation conducted',0,0,0,0,0,0,0,0,0,0,0,0,0,0,0,0,0,0,1,0,0,0,0,0),(761,447,'No. of orientation conducted',0,0,0,0,0,0,1,0,0,0,0,0,0,0,0,0,0,0,0,0,0,0,0,0),(762,448,'No. of system lunched',1,0,0,0,0,0,1,0,0,0,1,0,0,0,1,0,0,0,1,0,0,0,0,0),(763,449,'No. of project to be evaluated/endorsement',0,0,1,0,0,0,0,0,1,0,0,0,0,0,1,0,0,0,0,0,1,0,0,0),(764,449,'No. of advocacy conducted',0,0,1,0,0,0,0,0,0,0,0,0,1,0,0,0,0,0,0,0,0,0,0,0),(765,446,'No. of tourism asset profiled',0,0,0,0,0,0,0,0,0,0,1,0,0,0,1,0,1,0,0,0,1,0,1,0),(766,446,'No. of LGU\'s Participated ',0,0,0,0,1,0,1,0,1,0,1,0,0,0,0,0,0,0,0,0,0,0,0,0),(767,446,'No. of Regional tourism council organized',1,0,0,0,0,0,0,0,0,0,1,0,0,0,0,0,0,0,1,0,0,0,0,0),(768,446,'No. of Tourism Assets Promoted',0,0,5,0,2,0,2,0,2,0,2,0,2,0,1,0,1,0,1,0,1,0,1,0),(769,450,'No. of registered entities engaged in air fli',0,0,0,0,0,0,0,0,0,0,0,0,0,0,0,0,0,0,0,0,0,0,0,0),(770,450,'No. of inventory conducted',0,0,0,0,0,0,0,0,0,0,0,0,0,0,0,0,0,0,0,0,0,0,0,0),(771,450,'No. of Cargo forwarders and airline ticketing',0,0,0,0,0,0,0,0,0,0,0,0,0,0,0,0,0,0,0,0,0,0,0,0),(772,450,'No. of office established or re-established',0,0,0,0,0,0,0,0,0,0,0,0,0,0,0,0,0,0,0,0,0,0,0,0),(773,450,'No. of  information dissemination activities',0,0,0,0,0,0,0,0,0,0,0,0,0,0,0,0,0,0,0,0,0,0,0,0),(774,450,'No. of  conducted training and seminars',0,0,0,0,0,0,0,0,0,0,0,0,0,0,0,0,0,0,0,0,0,0,0,0),(775,450,'No. of  supplies and materials procured ',0,0,0,0,0,0,0,0,0,0,0,0,0,0,0,0,0,0,0,0,0,0,0,0),(776,451,'No. of professional services contracted out',10,0,10,0,10,0,10,0,10,0,10,0,10,0,10,0,10,0,10,0,10,0,10,0),(777,451,'No. of Repatriation issued',10,0,10,0,10,0,10,0,10,0,10,0,10,0,10,0,10,0,10,0,10,0,10,0),(778,451,'No. of motor',100,0,100,0,100,0,100,0,100,0,100,0,100,0,100,0,100,0,100,0,100,0,100,0),(779,451,'No. of motor monitored',68,0,68,0,68,0,68,0,68,0,68,0,68,0,68,0,68,0,68,0,68,0,68,0),(780,451,'No . of SPA',100,0,100,0,154,0,100,0,100,0,154,0,100,0,100,0,154,0,100,0,100,0,154,0),(781,451,'No . of DLA',50,0,50,0,50,0,50,0,50,0,50,0,50,0,50,0,50,0,50,0,50,0,50,0),(782,451,'No. of plate issued',10,0,10,0,10,0,10,0,10,0,10,0,10,0,10,0,10,0,10,0,10,0,10,0),(783,451,'No. of training and seminars attended',1,0,1,0,1,0,1,0,1,0,1,0,1,0,1,0,1,0,1,0,1,0,1,0),(784,452,'No. of provincial offices leased and maintain',2,0,1,0,1,0,2,0,1,0,1,0,2,0,1,0,1,0,2,0,1,0,1,0),(785,453,'No. of training attended',1,0,1,0,0,0,1,0,1,0,0,0,1,0,1,0,0,0,1,0,1,0,0,0),(786,454,'No. of programs and seminar held',1,0,1,0,1,0,1,0,1,0,1,0,1,0,1,0,1,0,1,0,1,0,1,0),(787,455,'No. of RMCS program attended',1,0,1,0,0,0,1,0,0,0,0,0,1,0,1,0,0,0,0,0,0,0,1,0),(788,456,'# of employees paid',39,0,39,0,39,0,39,0,39,0,39,0,39,0,39,0,39,0,39,0,39,0,39,0),(789,457,'# of employees paid',39,0,39,0,39,0,39,0,39,0,39,0,39,0,39,0,39,0,39,0,39,0,39,0),(790,458,'# of employees paid',0,0,0,0,39,0,0,0,0,0,0,0,0,0,0,0,0,0,0,0,0,0,0,0),(791,459,'# of employees paid',0,0,0,0,0,0,39,0,0,0,0,0,0,0,0,0,0,0,0,0,0,0,0,0),(792,460,'# of employees paid',0,0,0,0,0,0,0,0,39,0,0,0,0,0,0,0,0,0,0,0,0,0,0,0),(793,461,'# amount of funds managed(Processed/Transferr',0,0,0,0,0,0,0,0,0,0,0,0,0,0,0,0,0,0,0,0,0,0,0,0),(794,462,'# of meetings/conference conducted',6,0,6,0,6,0,7,0,7,0,8,0,7,0,7,0,8,0,6,0,6,0,6,0),(795,463,'amount of collection',0,0,0,0,0,0,0,0,0,0,0,0,0,0,0,0,0,0,0,0,0,0,0,0),(796,464,'# of meetings conducted',2,0,2,0,2,0,2,0,2,0,2,0,2,0,2,0,2,0,2,0,2,0,2,0),(797,465,'# of meetings conducted',0,0,0,0,3,0,0,0,0,0,6,0,0,0,0,0,3,0,0,0,0,0,3,0),(798,466,'% of work in progress',0,0,0,0,0,0,0,0,0,0,0,0,0,0,0,0,0,0,0,0,0,0,0,0),(799,467,'# of employees paid',16,0,16,0,16,0,16,0,16,0,16,0,16,0,16,0,16,0,16,0,16,0,16,0),(800,468,'# of employees paid',0,0,0,0,0,0,0,0,16,0,0,0,0,0,0,0,0,0,0,0,0,0,0,0),(801,469,'# of birth registration',15,0,15,0,15,0,15,0,15,0,15,0,15,0,15,0,15,0,15,0,15,0,15,0),(802,470,'# of tribal councils strengthened',2,0,2,0,2,0,2,0,2,0,2,0,2,0,2,0,3,0,2,0,2,0,2,0),(803,471,'# of IPs herein in plolicy making bodies and ',1,0,1,0,1,0,1,0,1,0,1,0,1,0,1,0,1,0,1,0,1,0,1,0),(804,472,'# of programs/projects under HELP Convergence',1,0,0,0,0,0,1,0,0,0,0,0,1,0,0,0,0,0,1,0,0,0,0,0),(805,473,'# of IP cooperative organized in relation to ',1,0,1,0,2,0,1,0,1,0,2,0,1,0,1,0,2,0,1,0,1,0,2,0),(806,474,'# of barangys profiled',10,0,0,0,0,0,0,0,0,0,0,0,0,0,0,0,0,0,0,0,0,0,0,0),(807,474,'# of POs organized',10,0,0,0,0,0,0,0,0,0,0,0,0,0,0,0,0,0,0,0,0,0,0,0),(808,474,'# of MSMes capacitated',10,0,0,0,0,0,250,0,0,0,0,0,0,0,0,0,0,0,0,0,0,0,0,0),(809,474,'# of entrepreneurial seminars conducted',10,0,0,0,0,0,10,0,0,0,0,0,0,0,0,0,0,0,0,0,0,0,0,0),(810,474,'# of quarterly monitoring conducted',1,0,0,0,0,0,1,0,0,0,0,0,1,0,0,0,0,0,1,0,0,0,0,0),(811,475,'# of industry cluster teams organized and mai',0,0,0,0,0,0,3,0,2,0,0,0,0,0,0,0,0,0,0,0,0,0,0,0),(812,475,'# of industry cluster plans crafted',0,0,0,0,0,0,3,0,2,0,0,0,0,0,0,0,0,0,0,0,0,0,0,0),(813,475,'# of training on business plan preparation co',0,0,0,0,0,0,3,0,2,0,0,0,0,0,0,0,0,0,0,0,0,0,0,0),(814,475,'# of MOU/MOA forged',0,0,0,0,0,0,0,0,2,0,0,0,0,0,0,0,0,0,0,0,0,0,0,0),(815,475,'# of new technology adopted ',0,0,0,0,0,0,3,0,2,0,0,0,0,0,0,0,0,0,0,0,0,0,0,0),(816,476,'# of resolution issued',0,0,5,0,0,0,0,0,0,0,0,0,0,0,0,0,0,0,0,0,0,0,0,0),(817,476,'# of MEMEs trained',0,0,0,0,0,0,0,0,0,0,25,0,0,0,0,0,0,0,0,0,0,0,0,0),(818,476,'# of new packaging design adopted',0,0,0,0,0,0,0,0,0,0,0,0,5,0,0,0,0,0,0,0,0,0,0,0),(819,476,'# of OTOP material released/conducted for inf',0,0,0,0,0,0,0,0,0,0,0,0,5,0,2500,0,0,0,0,0,0,0,0,0),(821,478,'# of employees paid',4,0,4,0,4,0,4,0,4,0,4,0,4,0,4,0,4,0,4,0,4,0,4,0),(822,479,'# of employees paid - PERA',4,0,4,0,4,0,4,0,4,0,4,0,4,0,4,0,4,0,4,0,4,0,4,0),(823,479,'# of employees paid -GSIS',4,0,4,0,4,0,4,0,4,0,4,0,4,0,4,0,4,0,4,0,4,0,4,0),(824,479,'# of employees paid - HDMF',4,0,4,0,4,0,4,0,4,0,4,0,4,0,4,0,4,0,4,0,4,0,4,0),(825,479,'# of employees paid - PHIC',4,0,4,0,4,0,4,0,4,0,4,0,4,0,4,0,4,0,4,0,4,0,4,0),(826,479,'# of employees paid - ECC',4,0,4,0,4,0,4,0,4,0,4,0,4,0,4,0,4,0,4,0,4,0,4,0),(827,480,'# of employees paid',0,0,0,0,4,0,0,0,0,0,0,0,0,0,0,0,0,0,0,0,0,0,0,0),(828,481,'# of employees paid',0,0,0,0,0,0,0,0,4,0,0,0,0,0,0,0,0,0,0,0,0,0,0,0),(829,482,'# of employees paid',0,0,0,0,4,0,0,0,0,0,0,0,0,0,0,0,0,0,0,0,0,0,0,0),(830,483,'# of seminar/workshop conducted',1,0,1,0,1,0,1,0,1,0,1,0,1,0,1,0,1,0,1,0,1,0,1,0),(831,483,'# of participants',40,0,40,0,40,0,40,0,40,0,40,0,40,0,40,0,40,0,40,0,40,0,40,0),(832,484,'# of employees paid',5,0,5,0,5,0,5,0,5,0,5,0,5,0,5,0,5,0,5,0,5,0,5,0),(833,485,'# of victims of human tights abuse provided a',3,0,3,0,3,0,3,0,3,0,3,0,3,0,3,0,3,0,3,0,3,0,3,0),(834,485,'% of clients satisfied with RHRC protection s',30,0,30,0,30,0,30,0,30,0,30,0,30,0,30,0,30,0,30,0,30,0,30,0),(835,485,'# of production services provided within 24 h',0,0,1,0,1,0,0,0,1,0,1,0,0,0,1,0,1,0,0,0,1,0,1,0),(836,486,'# of participants in seminars/training conduc',0,0,0,0,0,0,30,0,30,0,30,0,30,0,30,0,20,0,30,0,30,0,20,0),(837,486,'# of satisfactory rating on seminars/training',30,0,30,0,35,0,30,0,30,0,35,0,30,0,30,0,35,0,30,0,30,0,35,0),(838,487,'# of municipalities profiled',0,0,0,0,0,0,2,0,2,0,0,0,0,0,0,0,0,0,2,0,1,0,1,0),(841,495,'# of projects monitored',4,0,4,0,2,0,4,0,4,0,2,0,4,0,4,0,2,0,1,0,1,0,0,0),(842,496,'# of participants attended',0,0,0,0,0,0,0,0,0,0,1000,0,0,0,0,0,0,0,0,0,0,0,0,0),(843,497,'# of participants attended',0,0,0,0,0,0,0,0,0,0,0,0,0,0,0,0,0,0,0,0,0,0,1500,0),(844,498,'# of participants attended',0,0,0,0,0,0,0,0,0,0,0,0,0,0,150,0,0,0,0,0,0,0,0,0),(845,499,'# of participants attended',0,0,0,0,0,0,0,0,0,0,0,0,0,0,0,0,0,0,0,0,0,0,0,0),(846,500,'# of MOA forged with LGUs',0,0,2,0,0,0,2,0,2,0,4,0,2,0,2,0,4,0,1,0,1,0,0,0),(847,501,'# of training/orientations conducted',0,0,0,0,0,0,1,0,0,0,0,0,0,0,1,0,0,0,0,0,0,0,0,0),(848,502,'# of areas visited',0,0,0,0,0,0,2,0,0,0,0,0,2,0,0,0,0,0,0,0,0,0,0,0),(849,503,'# of training conducted',0,0,0,0,0,0,2,0,0,0,0,0,2,0,0,0,0,0,0,0,0,0,0,0),(850,168,'# of employees paid',6,0,6,0,6,0,6,0,6,0,6,0,6,0,6,0,6,0,6,0,6,0,6,0),(851,169,'# of employees paid',6,0,6,0,6,0,6,0,6,0,6,0,6,0,6,0,6,0,6,0,6,0,6,0),(852,170,'# of employees paid',6,0,6,0,6,0,6,0,6,0,6,0,6,0,6,0,6,0,6,0,6,0,6,0),(856,436,'5 sessions/TAV caonducted',100,0,100,0,100,0,100,0,100,0,100,0,100,0,100,0,100,0,100,0,100,0,100,0),(857,436,'100 % learning sessions/TAVs satisfactorily c',100,0,100,0,100,0,100,0,100,0,100,0,100,0,100,0,100,0,100,0,100,0,100,0),(858,436,'100 % learning sessions/TAVs satisfactorily c',100,0,100,0,100,0,100,0,100,0,100,0,100,0,100,0,100,0,100,0,100,0,100,0),(859,504,'# of trainings',0,0,0,0,0,0,1,0,0,0,0,0,0,0,1,0,0,0,0,0,0,0,0,0),(860,505,'# of seedlings produce',0,0,0,0,20000,0,10000,0,10000,0,10000,0,0,0,0,0,0,0,0,0,0,0,0,0),(861,506,'# of nursery maintained',0,0,0,0,0,0,2,0,2,0,1,0,2,0,2,0,1,0,2,0,2,0,1,0),(862,507,'# of patents ',10,0,10,0,10,0,10,0,10,0,10,0,10,0,10,0,10,0,10,0,10,0,10,0),(863,508,'# of monuments',10,0,10,0,15,0,15,0,15,0,10,0,15,0,15,0,10,0,15,0,0,0,10,0),(864,509,'# of conflict settled',1,0,1,0,0,0,1,0,1,0,0,0,1,0,1,0,0,0,1,0,1,0,0,0),(865,510,'# of lots surveyed',5,0,5,0,10,0,10,0,10,0,0,0,10,0,0,0,10,0,5,0,5,0,10,0),(866,511,'# of ECC monitored',1,0,1,0,0,0,1,0,1,0,1,0,1,0,1,0,1,0,1,0,1,0,0,0),(867,512,'# of water/air monitored',1,0,1,0,0,0,1,0,1,0,1,0,1,0,1,0,1,0,1,0,1,0,0,0),(868,513,'# of LGU assisted',0,0,0,0,1,0,0,0,1,0,1,0,0,0,1,0,1,0,0,0,0,0,1,0),(869,514,'# of employees paid',6,0,6,0,6,0,6,0,6,0,6,0,6,0,6,0,6,0,6,0,6,0,6,0),(870,515,'# of employees paid',6,0,6,0,6,0,6,0,6,0,6,0,6,0,6,0,6,0,6,0,6,0,6,0),(871,516,'# of employees paid',0,0,0,0,0,0,1,0,0,0,0,0,0,0,1,0,0,0,0,0,0,0,0,0),(872,517,'# of employees paid',0,0,0,0,0,0,0,0,1,0,0,0,0,0,0,0,0,0,0,0,1,0,0,0),(873,518,'# of sites identified',1,0,1,0,0,0,1,0,1,0,1,0,1,0,1,0,1,0,1,0,1,0,0,0),(874,520,'# of monthly allocation downloaded to provinc',1,0,0,0,0,0,1,0,1,0,0,0,0,0,3,0,2,0,2,0,1,0,1,0),(875,104,'# of conference conducted',0,0,1,0,0,0,0,0,0,0,0,0,0,0,1,0,0,0,1,0,0,0,1,0),(876,524,'number of churva',1,0,2,0,1,0,1,0,4,0,4,0,5,0,5,0,10,0,5,0,1,0,2,0),(881,526,'No. of transferred technologies supported and',2,0,2,0,2,0,2,0,2,0,2,0,2,0,2,0,2,0,2,0,2,0,2,0),(882,527,'No. of HELPS projects supported and monitored',8,0,8,0,9,0,8,0,8,0,9,0,8,0,8,0,9,0,8,0,8,0,9,0),(883,528,'Types of reagents and supplies acquired',1,0,1,0,1,0,1,0,1,0,2,0,1,0,1,0,2,0,1,0,1,0,1,0),(885,530,'Sets of glassware/apparatuses purchased',3,0,3,0,4,0,4,0,4,0,4,0,4,0,5,0,5,0,4,0,4,0,5,0),(886,531,'No. of STARBOOKS kiosks installed',0,0,1,0,1,0,0,0,1,0,1,0,0,0,1,0,1,0,0,0,1,0,1,0),(887,532,'No. of PST clocks installed',0,0,0,0,1,0,0,0,0,0,1,0,0,0,1,0,1,0,0,0,0,0,1,0),(888,533,'No. of products assisted on labels and design',0,0,0,0,1,0,2,0,3,0,3,0,2,0,2,0,3,0,3,0,3,0,3,0),(889,534,'No. of research materials produced',0,0,0,0,1,0,0,0,0,0,1,0,0,0,1,0,1,0,0,0,0,0,1,0),(890,535,'# of bills paid',1,0,1,0,1,0,1,0,1,0,1,0,1,0,1,0,1,0,1,0,1,0,1,0);
/*!40000 ALTER TABLE `performancetarget` ENABLE KEYS */;
UNLOCK TABLES;

--
-- Table structure for table `permissions`
--

DROP TABLE IF EXISTS `permissions`;
/*!40101 SET @saved_cs_client     = @@character_set_client */;
/*!40101 SET character_set_client = utf8 */;
CREATE TABLE `permissions` (
  `id` int(11) NOT NULL AUTO_INCREMENT,
  `action` varchar(10) NOT NULL,
  `target` varchar(45) NOT NULL,
  PRIMARY KEY (`id`)
) ENGINE=InnoDB AUTO_INCREMENT=24 DEFAULT CHARSET=utf8;
/*!40101 SET character_set_client = @saved_cs_client */;

--
-- Dumping data for table `permissions`
--

LOCK TABLES `permissions` WRITE;
/*!40000 ALTER TABLE `permissions` DISABLE KEYS */;
INSERT INTO `permissions` VALUES (1,'record','agency'),(2,'view','agency'),(3,'record','agency submitted requirements'),(4,'view','agency submitted requirements'),(5,'process','monthly cash allocation'),(6,'record','monthly report'),(7,'view','allotment releases'),(8,'record','allotment releases'),(9,'view','request received'),(10,'record','request received'),(11,'record','wfp'),(12,'print','comprehensive performance report'),(13,'print','running balances'),(14,'print','total releases'),(15,'print','monthly reports'),(16,'print','quarterly report'),(17,'print','analysis report'),(18,'print','fund distribution'),(19,'print','agencies with complete requirements'),(20,'print','agencies with incomplete requirements'),(21,'print','transaction history'),(22,'record','user'),(23,'view','user');
/*!40000 ALTER TABLE `permissions` ENABLE KEYS */;
UNLOCK TABLES;

--
-- Table structure for table `quarter_req_submitted`
--

DROP TABLE IF EXISTS `quarter_req_submitted`;
/*!40101 SET @saved_cs_client     = @@character_set_client */;
/*!40101 SET character_set_client = utf8 */;
CREATE TABLE `quarter_req_submitted` (
  `id` int(11) NOT NULL AUTO_INCREMENT,
  `agency_id` int(11) NOT NULL,
  `requirement_id` int(11) NOT NULL,
  `year` int(11) NOT NULL,
  `quarter` int(11) NOT NULL,
  `date_submitted` date NOT NULL,
  `user_id` int(11) NOT NULL,
  PRIMARY KEY (`id`),
  KEY `quarter_req_submitted_b162e9d` (`agency_id`),
  KEY `quarter_req_submitted_99a85f32` (`requirement_id`),
  KEY `quarter_req_submitted_fbfc09f1` (`user_id`),
  CONSTRAINT `agency_id_refs_id_a2332a34` FOREIGN KEY (`agency_id`) REFERENCES `agency` (`id`),
  CONSTRAINT `requirement_id_refs_id_6ee217a6` FOREIGN KEY (`requirement_id`) REFERENCES `quarterly_req` (`id`),
  CONSTRAINT `user_id_refs_id_3095cb6a` FOREIGN KEY (`user_id`) REFERENCES `auth_user` (`id`)
) ENGINE=InnoDB AUTO_INCREMENT=581 DEFAULT CHARSET=utf8;
/*!40101 SET character_set_client = @saved_cs_client */;

--
-- Dumping data for table `quarter_req_submitted`
--

LOCK TABLES `quarter_req_submitted` WRITE;
/*!40000 ALTER TABLE `quarter_req_submitted` DISABLE KEYS */;
INSERT INTO `quarter_req_submitted` VALUES (2,26,1,2014,2,'2014-08-14',3),(3,26,2,2014,1,'2014-08-14',3),(4,26,2,2014,2,'2014-08-14',3),(5,26,3,2014,1,'2014-08-14',3),(6,26,3,2014,2,'2014-08-14',3),(7,26,4,2014,1,'2014-08-14',3),(8,26,4,2014,2,'2014-08-14',3),(9,26,5,2014,1,'2014-08-14',3),(10,26,5,2014,2,'2014-08-14',3),(11,27,1,2014,1,'2014-08-14',3),(12,27,1,2014,2,'2014-08-14',3),(13,27,2,2014,1,'2014-08-14',3),(14,27,2,2014,2,'2014-08-14',3),(15,27,3,2014,1,'2014-08-14',3),(16,27,3,2014,2,'2014-08-14',3),(17,27,4,2014,1,'2014-08-14',3),(18,27,4,2014,2,'2014-08-14',3),(19,27,5,2014,1,'2014-08-14',3),(20,27,5,2014,2,'2014-08-14',3),(21,28,1,2014,1,'2014-08-14',3),(22,28,1,2014,2,'2014-08-14',3),(23,28,2,2014,1,'2014-08-14',3),(24,28,2,2014,2,'2014-08-14',3),(25,28,3,2014,1,'2014-08-14',3),(26,28,3,2014,2,'2014-08-14',3),(27,28,4,2014,1,'2014-08-14',3),(28,28,4,2014,2,'2014-08-14',3),(29,28,5,2014,1,'2014-08-14',3),(30,28,5,2014,2,'2014-08-14',3),(31,29,1,2014,1,'2014-08-14',3),(32,29,1,2014,2,'2014-08-14',3),(33,29,2,2014,1,'2014-08-14',3),(34,29,2,2014,2,'2014-08-14',3),(35,29,3,2014,1,'2014-08-14',3),(36,29,3,2014,2,'2014-08-14',3),(37,29,4,2014,1,'2014-08-14',3),(38,29,4,2014,2,'2014-08-14',3),(39,29,5,2014,1,'2014-08-14',3),(40,29,5,2014,2,'2014-08-14',3),(41,25,1,2014,1,'2014-08-14',3),(42,25,1,2014,2,'2014-08-14',3),(43,25,2,2014,1,'2014-08-14',3),(44,25,2,2014,2,'2014-08-14',3),(45,25,3,2014,1,'2014-08-14',3),(46,25,3,2014,2,'2014-08-14',3),(47,25,4,2014,1,'2014-08-14',3),(48,25,4,2014,2,'2014-08-14',3),(49,25,5,2014,1,'2014-08-14',3),(50,25,5,2014,2,'2014-08-14',3),(51,30,1,2014,1,'2014-08-14',3),(52,30,1,2014,2,'2014-08-14',3),(53,30,2,2014,1,'2014-08-14',3),(54,30,2,2014,2,'2014-08-14',3),(55,30,3,2014,1,'2014-08-14',3),(56,30,3,2014,2,'2014-08-14',3),(57,30,4,2014,1,'2014-08-14',3),(58,30,4,2014,2,'2014-08-14',3),(59,30,5,2014,1,'2014-08-14',3),(60,30,5,2014,2,'2014-08-14',3),(61,32,1,2014,1,'2014-08-14',3),(62,32,1,2014,2,'2014-08-14',3),(63,32,2,2014,1,'2014-08-14',3),(64,32,2,2014,2,'2014-08-14',3),(65,32,3,2014,1,'2014-08-14',3),(66,32,3,2014,2,'2014-08-14',3),(67,32,4,2014,1,'2014-08-14',3),(68,32,4,2014,2,'2014-08-14',3),(69,32,5,2014,1,'2014-08-14',3),(70,32,5,2014,2,'2014-08-14',3),(71,2,1,2014,1,'2014-08-14',3),(72,2,1,2014,2,'2014-08-14',3),(73,2,2,2014,1,'2014-08-14',3),(74,2,2,2014,2,'2014-08-14',3),(75,2,3,2014,1,'2014-08-14',3),(76,2,3,2014,2,'2014-08-14',3),(77,2,4,2014,1,'2014-08-14',3),(78,2,4,2014,2,'2014-08-14',3),(79,2,5,2014,1,'2014-08-14',3),(80,2,5,2014,2,'2014-08-14',3),(82,33,1,2014,2,'2014-08-14',3),(83,33,2,2014,1,'2014-08-14',3),(84,33,2,2014,2,'2014-08-14',3),(85,33,3,2014,1,'2014-08-14',3),(86,33,3,2014,2,'2014-08-14',3),(87,33,4,2014,1,'2014-08-14',3),(88,33,4,2014,2,'2014-08-14',3),(89,33,5,2014,1,'2014-08-14',3),(90,33,5,2014,2,'2014-08-14',3),(91,34,1,2014,1,'2014-08-14',3),(92,34,1,2014,2,'2014-08-14',3),(93,34,2,2014,1,'2014-08-14',3),(94,34,2,2014,2,'2014-08-14',3),(95,34,3,2014,1,'2014-08-14',3),(96,34,3,2014,2,'2014-08-14',3),(97,34,4,2014,1,'2014-08-14',3),(98,34,4,2014,2,'2014-08-14',3),(99,34,5,2014,1,'2014-08-14',3),(100,34,5,2014,2,'2014-08-14',3),(101,23,1,2014,1,'2014-08-14',3),(102,23,1,2014,2,'2014-08-14',3),(103,23,2,2014,1,'2014-08-14',3),(104,23,2,2014,2,'2014-08-14',3),(105,23,3,2014,1,'2014-08-14',3),(106,23,3,2014,2,'2014-08-14',3),(107,23,4,2014,1,'2014-08-14',3),(108,23,4,2014,2,'2014-08-14',3),(109,23,5,2014,1,'2014-08-14',3),(110,23,5,2014,2,'2014-08-14',3),(111,35,1,2014,1,'2014-08-14',3),(112,35,1,2014,2,'2014-08-14',3),(113,35,2,2014,1,'2014-08-14',3),(114,35,2,2014,2,'2014-08-14',3),(115,35,3,2014,1,'2014-08-14',3),(116,35,3,2014,2,'2014-08-14',3),(117,35,4,2014,1,'2014-08-14',3),(118,35,4,2014,2,'2014-08-14',3),(119,35,5,2014,1,'2014-08-14',3),(120,35,5,2014,2,'2014-08-14',3),(121,36,1,2014,1,'2014-08-15',3),(122,36,1,2014,2,'2014-08-15',3),(123,36,2,2014,1,'2014-08-15',3),(124,36,2,2014,2,'2014-08-15',3),(125,36,3,2014,1,'2014-08-15',3),(126,36,3,2014,2,'2014-08-15',3),(127,36,4,2014,1,'2014-08-15',3),(128,36,4,2014,2,'2014-08-15',3),(129,36,5,2014,1,'2014-08-15',3),(130,36,5,2014,2,'2014-08-15',3),(131,24,1,2014,1,'2014-08-15',3),(132,24,1,2014,2,'2014-08-15',3),(133,24,2,2014,1,'2014-08-15',3),(134,24,2,2014,2,'2014-08-15',3),(135,24,3,2014,1,'2014-08-15',3),(136,24,3,2014,2,'2014-08-15',3),(137,24,4,2014,1,'2014-08-15',3),(138,24,4,2014,2,'2014-08-15',3),(139,24,5,2014,1,'2014-08-15',3),(140,24,5,2014,2,'2014-08-15',3),(141,37,1,2014,1,'2014-08-15',3),(142,37,1,2014,2,'2014-08-15',3),(143,37,2,2014,1,'2014-08-15',3),(144,37,2,2014,2,'2014-08-15',3),(145,37,3,2014,1,'2014-08-15',3),(146,37,3,2014,2,'2014-08-15',3),(147,37,4,2014,1,'2014-08-15',3),(148,37,4,2014,2,'2014-08-15',3),(149,37,5,2014,1,'2014-08-15',3),(150,37,5,2014,2,'2014-08-15',3),(151,41,1,2014,1,'2014-08-15',4),(152,41,1,2014,2,'2014-08-15',4),(153,41,2,2014,1,'2014-08-15',4),(154,41,2,2014,2,'2014-08-15',4),(155,41,3,2014,1,'2014-08-15',4),(156,41,3,2014,2,'2014-08-15',4),(157,41,4,2014,1,'2014-08-15',4),(158,41,4,2014,2,'2014-08-15',4),(159,41,5,2014,1,'2014-08-15',4),(160,41,5,2014,2,'2014-08-15',4),(161,40,1,2014,1,'2014-08-15',3),(162,40,1,2014,2,'2014-08-15',3),(163,40,2,2014,1,'2014-08-15',3),(164,40,2,2014,2,'2014-08-15',3),(165,40,3,2014,1,'2014-08-15',3),(166,40,3,2014,2,'2014-08-15',3),(167,40,4,2014,1,'2014-08-15',3),(168,40,4,2014,2,'2014-08-15',3),(169,40,5,2014,1,'2014-08-15',3),(170,40,5,2014,2,'2014-08-15',3),(171,43,1,2014,1,'2014-08-15',4),(172,43,1,2014,2,'2014-08-15',4),(173,43,2,2014,1,'2014-08-15',4),(174,43,2,2014,2,'2014-08-15',4),(175,43,3,2014,1,'2014-08-15',4),(176,43,3,2014,2,'2014-08-15',4),(177,43,4,2014,1,'2014-08-15',4),(178,43,4,2014,2,'2014-08-15',4),(179,43,5,2014,1,'2014-08-15',4),(180,43,5,2014,2,'2014-08-15',4),(181,42,1,2014,1,'2014-08-15',3),(182,42,1,2014,2,'2014-08-15',3),(183,42,2,2014,1,'2014-08-15',3),(184,42,2,2014,2,'2014-08-15',3),(185,42,3,2014,1,'2014-08-15',3),(186,42,3,2014,2,'2014-08-15',3),(187,42,4,2014,1,'2014-08-15',3),(188,42,4,2014,2,'2014-08-15',3),(189,42,5,2014,1,'2014-08-15',3),(190,42,5,2014,2,'2014-08-15',3),(191,45,1,2014,1,'2014-08-15',4),(192,45,2,2014,1,'2014-08-15',4),(193,45,2,2014,2,'2014-08-15',4),(194,45,3,2014,1,'2014-08-15',4),(195,45,3,2014,2,'2014-08-15',4),(196,45,4,2014,1,'2014-08-15',4),(197,45,4,2014,2,'2014-08-15',4),(198,45,5,2014,1,'2014-08-15',4),(199,45,5,2014,2,'2014-08-15',4),(200,45,1,2014,2,'2014-08-18',4),(201,1,1,2014,1,'2014-08-18',3),(202,1,1,2014,2,'2014-08-18',3),(203,1,2,2014,1,'2014-08-18',3),(204,1,2,2014,2,'2014-08-18',3),(205,1,3,2014,1,'2014-08-18',3),(206,1,3,2014,2,'2014-08-18',3),(207,1,4,2014,1,'2014-08-18',3),(208,1,4,2014,2,'2014-08-18',3),(209,1,5,2014,1,'2014-08-18',3),(210,1,5,2014,2,'2014-08-18',3),(211,3,1,2014,1,'2014-08-18',3),(212,3,1,2014,2,'2014-08-18',3),(213,3,2,2014,1,'2014-08-18',3),(214,3,2,2014,2,'2014-08-18',3),(215,3,3,2014,1,'2014-08-18',3),(216,3,3,2014,2,'2014-08-18',3),(217,3,4,2014,1,'2014-08-18',3),(218,3,4,2014,2,'2014-08-18',3),(219,3,5,2014,1,'2014-08-18',3),(220,3,5,2014,2,'2014-08-18',3),(221,46,1,2014,1,'2014-08-18',3),(222,46,1,2014,2,'2014-08-18',3),(223,46,2,2014,1,'2014-08-18',3),(224,46,2,2014,2,'2014-08-18',3),(225,46,3,2014,1,'2014-08-18',3),(226,46,3,2014,2,'2014-08-18',3),(227,46,4,2014,1,'2014-08-18',3),(228,46,4,2014,2,'2014-08-18',3),(229,46,5,2014,1,'2014-08-18',3),(230,46,5,2014,2,'2014-08-18',3),(231,47,1,2014,1,'2014-08-19',3),(232,47,1,2014,2,'2014-08-19',3),(233,47,2,2014,1,'2014-08-19',3),(234,47,2,2014,2,'2014-08-19',3),(235,47,3,2014,1,'2014-08-19',3),(236,47,3,2014,2,'2014-08-19',3),(237,47,4,2014,1,'2014-08-19',3),(238,47,4,2014,2,'2014-08-19',3),(239,47,5,2014,1,'2014-08-19',3),(240,47,5,2014,2,'2014-08-19',3),(241,39,1,2014,1,'2014-08-19',3),(242,39,1,2014,2,'2014-08-19',3),(243,39,2,2014,1,'2014-08-19',3),(244,39,2,2014,2,'2014-08-19',3),(245,39,3,2014,1,'2014-08-19',3),(246,39,3,2014,2,'2014-08-19',3),(247,39,4,2014,1,'2014-08-19',3),(248,39,4,2014,2,'2014-08-19',3),(249,39,5,2014,1,'2014-08-19',3),(250,39,5,2014,2,'2014-08-19',3),(251,10,1,2014,1,'2014-08-19',3),(252,10,1,2014,2,'2014-08-19',3),(253,10,2,2014,1,'2014-08-19',3),(254,10,2,2014,2,'2014-08-19',3),(255,10,3,2014,1,'2014-08-19',3),(256,10,3,2014,2,'2014-08-19',3),(257,10,4,2014,1,'2014-08-19',3),(258,10,4,2014,2,'2014-08-19',3),(259,10,5,2014,1,'2014-08-19',3),(260,10,5,2014,2,'2014-08-19',3),(261,12,1,2014,1,'2014-08-19',3),(262,12,1,2014,2,'2014-08-19',3),(263,12,2,2014,1,'2014-08-19',3),(264,12,2,2014,2,'2014-08-19',3),(265,12,3,2014,1,'2014-08-19',3),(266,12,3,2014,2,'2014-08-19',3),(267,12,4,2014,1,'2014-08-19',3),(268,12,4,2014,2,'2014-08-19',3),(269,12,5,2014,1,'2014-08-19',3),(270,12,5,2014,2,'2014-08-19',3),(271,44,1,2014,1,'2014-08-19',3),(272,44,1,2014,2,'2014-08-19',3),(273,44,2,2014,1,'2014-08-19',3),(274,44,2,2014,2,'2014-08-19',3),(275,44,3,2014,1,'2014-08-19',3),(276,44,3,2014,2,'2014-08-19',3),(277,44,4,2014,1,'2014-08-19',3),(278,44,4,2014,2,'2014-08-19',3),(279,44,5,2014,1,'2014-08-19',3),(280,44,5,2014,2,'2014-08-19',3),(291,5,1,2014,1,'2014-08-21',3),(292,5,1,2014,2,'2014-08-21',3),(293,5,2,2014,1,'2014-08-21',3),(294,5,2,2014,2,'2014-08-21',3),(295,5,3,2014,1,'2014-08-21',3),(296,5,3,2014,2,'2014-08-21',3),(297,5,4,2014,1,'2014-08-21',3),(298,5,4,2014,2,'2014-08-21',3),(299,5,5,2014,1,'2014-08-21',3),(300,5,5,2014,2,'2014-08-21',3),(301,50,1,2014,1,'2014-08-21',3),(302,50,1,2014,2,'2014-08-21',3),(303,50,2,2014,1,'2014-08-21',3),(304,50,2,2014,2,'2014-08-21',3),(305,50,3,2014,1,'2014-08-21',3),(306,50,3,2014,2,'2014-08-21',3),(307,50,4,2014,1,'2014-08-21',3),(308,50,4,2014,2,'2014-08-21',3),(309,50,5,2014,1,'2014-08-21',3),(310,50,5,2014,2,'2014-08-21',3),(311,7,1,2014,1,'2014-08-21',3),(312,7,1,2014,2,'2014-08-21',3),(313,7,2,2014,1,'2014-08-21',3),(314,7,2,2014,2,'2014-08-21',3),(315,7,3,2014,1,'2014-08-21',3),(316,7,3,2014,2,'2014-08-21',3),(317,7,4,2014,1,'2014-08-21',3),(318,7,4,2014,2,'2014-08-21',3),(319,7,5,2014,1,'2014-08-21',3),(320,7,5,2014,2,'2014-08-21',3),(321,8,1,2014,1,'2014-08-21',3),(322,8,1,2014,2,'2014-08-21',3),(323,8,2,2014,1,'2014-08-21',3),(324,8,2,2014,2,'2014-08-21',3),(325,8,3,2014,1,'2014-08-21',3),(326,8,3,2014,2,'2014-08-21',3),(327,8,4,2014,1,'2014-08-21',3),(328,8,4,2014,2,'2014-08-21',3),(329,8,5,2014,1,'2014-08-21',3),(330,8,5,2014,2,'2014-08-21',3),(331,13,1,2014,1,'2014-08-21',3),(332,13,1,2014,2,'2014-08-21',3),(333,13,2,2014,1,'2014-08-21',3),(334,13,2,2014,2,'2014-08-21',3),(335,13,3,2014,1,'2014-08-21',3),(336,13,3,2014,2,'2014-08-21',3),(337,13,4,2014,1,'2014-08-21',3),(338,13,4,2014,2,'2014-08-21',3),(339,13,5,2014,1,'2014-08-21',3),(340,13,5,2014,2,'2014-08-21',3),(341,11,1,2014,1,'2014-08-24',3),(342,11,1,2014,2,'2014-08-24',3),(343,11,2,2014,1,'2014-08-24',3),(344,11,2,2014,2,'2014-08-24',3),(345,11,3,2014,1,'2014-08-24',3),(346,11,3,2014,2,'2014-08-24',3),(347,11,4,2014,1,'2014-08-24',3),(348,11,4,2014,2,'2014-08-24',3),(349,11,5,2014,1,'2014-08-24',3),(350,11,5,2014,2,'2014-08-24',3),(351,6,1,2014,1,'2014-08-25',3),(352,6,1,2014,2,'2014-08-25',3),(353,6,2,2014,1,'2014-08-25',3),(354,6,2,2014,2,'2014-08-25',3),(355,6,3,2014,1,'2014-08-25',3),(356,6,3,2014,2,'2014-08-25',3),(357,6,4,2014,1,'2014-08-25',3),(358,6,4,2014,2,'2014-08-25',3),(359,6,5,2014,1,'2014-08-25',3),(360,6,5,2014,2,'2014-08-25',3),(361,51,1,2014,1,'2014-08-25',3),(362,51,1,2014,2,'2014-08-25',3),(363,51,2,2014,1,'2014-08-25',3),(364,51,2,2014,2,'2014-08-25',3),(365,51,3,2014,1,'2014-08-25',3),(366,51,3,2014,2,'2014-08-25',3),(367,51,4,2014,1,'2014-08-25',3),(368,51,4,2014,2,'2014-08-25',3),(369,51,5,2014,1,'2014-08-25',3),(370,51,5,2014,2,'2014-08-25',3),(371,52,1,2014,1,'2014-08-25',3),(372,52,1,2014,2,'2014-08-25',3),(373,52,2,2014,1,'2014-08-25',3),(374,52,2,2014,2,'2014-08-25',3),(375,52,3,2014,1,'2014-08-25',3),(376,52,3,2014,2,'2014-08-25',3),(377,52,4,2014,1,'2014-08-25',3),(378,52,4,2014,2,'2014-08-25',3),(379,52,5,2014,1,'2014-08-25',3),(380,52,5,2014,2,'2014-08-25',3),(381,38,1,2014,1,'2014-08-25',3),(382,38,1,2014,2,'2014-08-25',3),(383,38,2,2014,1,'2014-08-25',3),(384,38,2,2014,2,'2014-08-25',3),(385,38,3,2014,1,'2014-08-25',3),(386,38,3,2014,2,'2014-08-25',3),(387,38,4,2014,1,'2014-08-25',3),(388,38,4,2014,2,'2014-08-25',3),(389,38,5,2014,1,'2014-08-25',3),(390,38,5,2014,2,'2014-08-25',3),(391,53,1,2014,1,'2014-08-25',3),(392,53,1,2014,2,'2014-08-25',3),(393,53,2,2014,1,'2014-08-25',3),(394,53,2,2014,2,'2014-08-25',3),(395,53,3,2014,1,'2014-08-25',3),(396,53,3,2014,2,'2014-08-25',3),(397,53,4,2014,1,'2014-08-25',3),(398,53,4,2014,2,'2014-08-25',3),(399,53,5,2014,1,'2014-08-25',3),(400,53,5,2014,2,'2014-08-25',3),(401,18,1,2014,1,'2014-09-18',3),(402,18,1,2014,2,'2014-09-18',3),(403,18,2,2014,1,'2014-09-18',3),(404,18,2,2014,2,'2014-09-18',3),(405,18,3,2014,1,'2014-09-18',3),(406,18,3,2014,2,'2014-09-18',3),(407,18,4,2014,1,'2014-09-18',3),(408,18,4,2014,2,'2014-09-18',3),(409,18,5,2014,1,'2014-09-18',3),(410,18,5,2014,2,'2014-09-18',3),(411,19,1,2014,1,'2014-09-18',3),(412,19,1,2014,2,'2014-09-18',3),(413,19,2,2014,1,'2014-09-18',3),(414,19,2,2014,2,'2014-09-18',3),(415,19,3,2014,1,'2014-09-18',3),(416,19,3,2014,2,'2014-09-18',3),(417,19,4,2014,1,'2014-09-18',3),(418,19,4,2014,2,'2014-09-18',3),(419,19,5,2014,1,'2014-09-18',3),(420,19,5,2014,2,'2014-09-18',3),(421,20,1,2014,1,'2014-09-18',3),(422,20,1,2014,2,'2014-09-18',3),(423,20,2,2014,1,'2014-09-18',3),(424,20,2,2014,2,'2014-09-18',3),(425,20,3,2014,1,'2014-09-18',3),(426,20,3,2014,2,'2014-09-18',3),(427,20,4,2014,1,'2014-09-18',3),(428,20,4,2014,2,'2014-09-18',3),(429,20,5,2014,1,'2014-09-18',3),(430,20,5,2014,2,'2014-09-18',3),(431,22,1,2014,1,'2014-09-18',3),(432,22,1,2014,2,'2014-09-18',3),(433,22,2,2014,1,'2014-09-18',3),(434,22,2,2014,2,'2014-09-18',3),(435,22,3,2014,1,'2014-09-18',3),(436,22,3,2014,2,'2014-09-18',3),(437,22,4,2014,1,'2014-09-18',3),(438,22,4,2014,2,'2014-09-18',3),(439,22,5,2014,1,'2014-09-18',3),(440,22,5,2014,2,'2014-09-18',3),(441,54,1,2014,1,'2014-09-18',3),(442,54,1,2014,2,'2014-09-18',3),(443,54,2,2014,1,'2014-09-18',3),(444,54,2,2014,2,'2014-09-18',3),(445,54,3,2014,1,'2014-09-18',3),(446,54,3,2014,2,'2014-09-18',3),(447,54,4,2014,1,'2014-09-18',3),(448,54,4,2014,2,'2014-09-18',3),(449,54,5,2014,1,'2014-09-18',3),(450,54,5,2014,2,'2014-09-18',3),(451,16,1,2014,1,'2014-09-18',3),(452,16,1,2014,2,'2014-09-18',3),(453,16,2,2014,1,'2014-09-18',3),(454,16,2,2014,2,'2014-09-18',3),(455,16,3,2014,1,'2014-09-18',3),(456,16,3,2014,2,'2014-09-18',3),(457,16,4,2014,1,'2014-09-18',3),(458,16,4,2014,2,'2014-09-18',3),(459,16,5,2014,1,'2014-09-18',3),(460,16,5,2014,2,'2014-09-18',3),(461,17,1,2014,1,'2014-09-18',3),(462,17,1,2014,2,'2014-09-18',3),(463,17,2,2014,1,'2014-09-18',3),(464,17,2,2014,2,'2014-09-18',3),(465,17,3,2014,1,'2014-09-18',3),(466,17,3,2014,2,'2014-09-18',3),(467,17,4,2014,1,'2014-09-18',3),(468,17,4,2014,2,'2014-09-18',3),(469,17,5,2014,1,'2014-09-18',3),(470,17,5,2014,2,'2014-09-18',3),(471,14,1,2014,1,'2014-09-18',3),(472,14,1,2014,2,'2014-09-18',3),(473,14,2,2014,1,'2014-09-18',3),(474,14,2,2014,2,'2014-09-18',3),(475,14,3,2014,1,'2014-09-18',3),(476,14,3,2014,2,'2014-09-18',3),(477,14,4,2014,1,'2014-09-18',3),(478,14,4,2014,2,'2014-09-18',3),(479,14,5,2014,1,'2014-09-18',3),(480,14,5,2014,2,'2014-09-18',3),(481,15,1,2014,1,'2014-09-18',3),(482,15,1,2014,2,'2014-09-18',3),(483,15,2,2014,1,'2014-09-18',3),(484,15,2,2014,2,'2014-09-18',3),(485,15,3,2014,1,'2014-09-18',3),(486,15,3,2014,2,'2014-09-18',3),(487,15,4,2014,1,'2014-09-18',3),(488,15,4,2014,2,'2014-09-18',3),(489,15,5,2014,1,'2014-09-18',3),(490,15,5,2014,2,'2014-09-18',3),(491,55,1,2014,1,'2014-09-19',3),(492,55,1,2014,2,'2014-09-19',3),(493,55,2,2014,1,'2014-09-19',3),(494,55,2,2014,2,'2014-09-19',3),(495,55,3,2014,1,'2014-09-19',3),(496,55,3,2014,2,'2014-09-19',3),(497,55,4,2014,1,'2014-09-19',3),(498,55,4,2014,2,'2014-09-19',3),(499,55,5,2014,1,'2014-09-19',3),(500,55,5,2014,2,'2014-09-19',3),(501,56,1,2014,1,'2014-09-19',3),(502,56,1,2014,2,'2014-09-19',3),(503,56,2,2014,1,'2014-09-19',3),(504,56,2,2014,2,'2014-09-19',3),(505,56,3,2014,1,'2014-09-19',3),(506,56,3,2014,2,'2014-09-19',3),(507,56,4,2014,1,'2014-09-19',3),(508,56,4,2014,2,'2014-09-19',3),(509,56,5,2014,1,'2014-09-19',3),(510,56,5,2014,2,'2014-09-19',3),(518,22,1,2014,3,'2014-12-05',4),(519,22,2,2014,3,'2014-12-05',4),(520,22,3,2014,3,'2014-12-05',4),(521,22,4,2014,3,'2014-12-05',4),(522,22,5,2014,3,'2014-12-05',4),(533,1,1,2014,3,'2014-12-05',4),(534,1,1,2014,4,'2014-12-05',4),(536,1,2,2014,4,'2014-12-05',4),(538,1,3,2014,4,'2014-12-05',4),(539,1,4,2014,3,'2014-12-05',4),(540,1,4,2014,4,'2014-12-05',4),(541,1,5,2014,3,'2014-12-05',4),(543,4,1,2014,1,'2014-12-05',10),(545,4,2,2014,1,'2014-12-05',10),(547,4,3,2014,1,'2014-12-05',10),(549,4,4,2014,1,'2014-12-05',10),(553,4,5,2014,2,'2014-12-05',10),(556,4,3,2014,2,'2014-12-05',4),(559,4,5,2014,1,'2014-12-05',4),(562,4,4,2014,2,'2014-12-05',4),(564,4,1,2014,2,'2014-12-05',10),(565,4,2,2014,2,'2014-12-05',10),(567,4,3,2014,3,'2014-12-05',10),(568,4,4,2014,3,'2014-12-05',10),(569,4,5,2014,3,'2014-12-05',10),(576,8,1,2014,3,'2014-12-05',4),(577,8,2,2014,3,'2014-12-05',4),(578,8,3,2014,3,'2014-12-05',4),(579,8,4,2014,3,'2014-12-05',4),(580,8,5,2014,3,'2014-12-05',4);
/*!40000 ALTER TABLE `quarter_req_submitted` ENABLE KEYS */;
UNLOCK TABLES;

--
-- Table structure for table `quarterly_req`
--

DROP TABLE IF EXISTS `quarterly_req`;
/*!40101 SET @saved_cs_client     = @@character_set_client */;
/*!40101 SET character_set_client = utf8 */;
CREATE TABLE `quarterly_req` (
  `id` int(11) NOT NULL AUTO_INCREMENT,
  `name` varchar(100) NOT NULL,
  PRIMARY KEY (`id`)
) ENGINE=InnoDB AUTO_INCREMENT=6 DEFAULT CHARSET=utf8;
/*!40101 SET character_set_client = @saved_cs_client */;

--
-- Dumping data for table `quarterly_req`
--

LOCK TABLES `quarterly_req` WRITE;
/*!40000 ALTER TABLE `quarterly_req` DISABLE KEYS */;
INSERT INTO `quarterly_req` VALUES (1,'Statement of Allotment, Obligation and balances'),(2,'Status of Funds'),(3,'Reports of Detailed Disbursement'),(4,'Notice of Fund Transfer'),(5,'Narrative Accomplishment Reports');
/*!40000 ALTER TABLE `quarterly_req` ENABLE KEYS */;
UNLOCK TABLES;

--
-- Table structure for table `sector`
--

DROP TABLE IF EXISTS `sector`;
/*!40101 SET @saved_cs_client     = @@character_set_client */;
/*!40101 SET character_set_client = utf8 */;
CREATE TABLE `sector` (
  `id` int(11) NOT NULL AUTO_INCREMENT,
  `name` varchar(100) NOT NULL,
  PRIMARY KEY (`id`)
) ENGINE=InnoDB AUTO_INCREMENT=11 DEFAULT CHARSET=utf8;
/*!40101 SET character_set_client = @saved_cs_client */;

--
-- Dumping data for table `sector`
--

LOCK TABLES `sector` WRITE;
/*!40000 ALTER TABLE `sector` DISABLE KEYS */;
INSERT INTO `sector` VALUES (1,'Environmental Conservation & Mgt & Human Settlement'),(2,'Regional Legislative Services'),(3,'Administrative & Financial management Services'),(4,'Health Services'),(5,'Education, Science & Technology'),(6,'Livelihood, Social Welfare and Protection Services'),(7,'Employment Promotion & Development & Industrial Peace'),(8,'Trade Industry & Investment Development'),(9,'Transportation & Communication Regulation Services'),(10,'Road Network, Public Infra & Other Development');
/*!40000 ALTER TABLE `sector` ENABLE KEYS */;
UNLOCK TABLES;

--
-- Table structure for table `user_activity`
--

DROP TABLE IF EXISTS `user_activity`;
/*!40101 SET @saved_cs_client     = @@character_set_client */;
/*!40101 SET character_set_client = utf8 */;
CREATE TABLE `user_activity` (
  `id` int(11) NOT NULL AUTO_INCREMENT,
  `user_id` int(11) NOT NULL,
  `action` varchar(100) NOT NULL,
  `act_date` datetime NOT NULL,
  `target` varchar(100) NOT NULL,
  PRIMARY KEY (`id`),
  KEY `user_activity_fbfc09f1` (`user_id`),
  CONSTRAINT `user_id_refs_id_a9a811e6` FOREIGN KEY (`user_id`) REFERENCES `auth_user` (`id`)
) ENGINE=InnoDB DEFAULT CHARSET=utf8;
/*!40101 SET character_set_client = @saved_cs_client */;

--
-- Dumping data for table `user_activity`
--

LOCK TABLES `user_activity` WRITE;
/*!40000 ALTER TABLE `user_activity` DISABLE KEYS */;
/*!40000 ALTER TABLE `user_activity` ENABLE KEYS */;
UNLOCK TABLES;

--
-- Table structure for table `user_group`
--

DROP TABLE IF EXISTS `user_group`;
/*!40101 SET @saved_cs_client     = @@character_set_client */;
/*!40101 SET character_set_client = utf8 */;
CREATE TABLE `user_group` (
  `id` int(11) NOT NULL AUTO_INCREMENT,
  `user_id` int(11) NOT NULL,
  `group_id` int(11) NOT NULL,
  PRIMARY KEY (`id`),
  UNIQUE KEY `user_id` (`user_id`),
  KEY `user_group_bda51c3c` (`group_id`),
  CONSTRAINT `group_id_refs_id_ef60178a` FOREIGN KEY (`group_id`) REFERENCES `groups` (`id`),
  CONSTRAINT `user_id_refs_id_8bf36df` FOREIGN KEY (`user_id`) REFERENCES `auth_user` (`id`)
) ENGINE=InnoDB AUTO_INCREMENT=10 DEFAULT CHARSET=utf8;
/*!40101 SET character_set_client = @saved_cs_client */;

--
-- Dumping data for table `user_group`
--

LOCK TABLES `user_group` WRITE;
/*!40000 ALTER TABLE `user_group` DISABLE KEYS */;
INSERT INTO `user_group` VALUES (1,1,4),(2,2,4),(3,3,4),(4,4,4),(5,5,2),(6,6,4),(7,8,4),(8,9,4),(9,10,2);
/*!40000 ALTER TABLE `user_group` ENABLE KEYS */;
UNLOCK TABLES;

--
-- Temporary table structure for view `user_permissions`
--

DROP TABLE IF EXISTS `user_permissions`;
/*!50001 DROP VIEW IF EXISTS `user_permissions`*/;
SET @saved_cs_client     = @@character_set_client;
SET character_set_client = utf8;
/*!50001 CREATE TABLE `user_permissions` (
  `id` tinyint NOT NULL,
  `username` tinyint NOT NULL,
  `name` tinyint NOT NULL,
  `action` tinyint NOT NULL,
  `target` tinyint NOT NULL
) ENGINE=MyISAM */;
SET character_set_client = @saved_cs_client;

--
-- Table structure for table `wfp_data`
--

DROP TABLE IF EXISTS `wfp_data`;
/*!40101 SET @saved_cs_client     = @@character_set_client */;
/*!40101 SET character_set_client = utf8 */;
CREATE TABLE `wfp_data` (
  `id` int(11) NOT NULL AUTO_INCREMENT,
  `year` int(11) NOT NULL,
  `program` varchar(100) NOT NULL,
  `activity` varchar(200) NOT NULL,
  `agency_id` int(11) NOT NULL,
  `allocation` varchar(4) NOT NULL,
  `jan` decimal(12,2) NOT NULL,
  `feb` decimal(12,2) NOT NULL,
  `mar` decimal(12,2) NOT NULL,
  `apr` decimal(12,2) NOT NULL,
  `may` decimal(12,2) NOT NULL,
  `jun` decimal(12,2) NOT NULL,
  `jul` decimal(12,2) NOT NULL,
  `aug` decimal(12,2) NOT NULL,
  `sept` decimal(12,2) NOT NULL,
  `oct` decimal(12,2) NOT NULL,
  `nov` decimal(12,2) NOT NULL,
  `dec` decimal(12,2) NOT NULL,
  `total` decimal(12,2) NOT NULL,
  PRIMARY KEY (`id`),
  KEY `wfp_data_b162e9d` (`agency_id`),
  CONSTRAINT `agency_id_refs_id_8cc7fa5e` FOREIGN KEY (`agency_id`) REFERENCES `agency` (`id`)
) ENGINE=InnoDB AUTO_INCREMENT=536 DEFAULT CHARSET=utf8;
/*!40101 SET character_set_client = @saved_cs_client */;

--
-- Dumping data for table `wfp_data`
--

LOCK TABLES `wfp_data` WRITE;
/*!40000 ALTER TABLE `wfp_data` DISABLE KEYS */;
INSERT INTO `wfp_data` VALUES (1,2014,'General Administration and Support Services','Year End Bonus',26,'PS',321944.47,321944.47,405944.47,321944.47,474289.47,321944.47,321944.47,321944.47,321944.47,321944.47,474289.47,321944.47,3863333.64),(3,2014,'General Administration and Support Services','Other Professional Services',26,'MOOE',166666.68,166666.68,166666.68,166666.68,166666.68,166666.68,166666.68,166666.68,166666.68,166666.68,166666.68,166666.68,2000000.16),(7,2014,'Support to Operations','Indigenous Games/Laro at Saya sa Parke',26,'PS',141250.00,161250.00,95000.00,259250.00,179250.00,205500.00,219250.00,179250.00,294250.00,163750.00,85000.00,17000.00,2000000.00),(19,2014,'General Administration and Support Services','Salaries and Wages',29,'PS',1400000.00,1400000.00,1400000.00,1400000.00,1400000.00,1400000.00,1400000.00,1400000.00,1400000.00,1400000.00,1400000.00,1400000.00,16800000.00),(22,2014,'General Administration and Support Services','Occular Inspection of Projects',29,'PS',0.00,0.00,0.00,200000.00,200000.00,200000.00,0.00,0.00,0.00,0.00,0.00,0.00,600000.00),(25,2014,'General Administration and Support Services','Salaries & Wages others Compensation Clothing PIB Year End Bonus',30,'PS',154807.00,154807.00,234807.00,154807.00,154807.00,154807.00,154807.00,154807.00,154806.00,154806.00,154806.00,154806.00,1937680.00),(31,2014,'General Administration and Support Services','Year End Bonus and Cash Gift',32,'PS',606060.92,606060.92,632060.92,658060.92,858506.92,606060.92,606060.92,606060.92,606060.92,606060.92,858506.92,606060.92,7855623.04),(33,2014,'General Administration and Support Services','Clothing Allowances',30,'PS',490876.00,490876.00,490876.00,490876.00,699665.00,490876.00,490876.00,490876.00,490876.00,490876.00,719665.00,540876.00,6378090.00),(34,2014,'General Administration and Support Services','Salaries and Wages',33,'PS',0.00,300000.00,150000.00,300000.00,150000.00,150000.00,150000.00,150000.00,150000.00,150000.00,150000.00,150000.00,1800000.00),(36,2014,'General Administration and Support Services','no activity indicated',30,'MOOE',579184.00,530168.00,530168.00,546960.00,738956.00,530168.00,530168.00,546960.00,530168.00,530168.00,799973.00,606960.00,7000001.00),(37,2014,'Operations','Rido Program',32,'MOOE',33333.33,33333.33,293333.33,443333.33,243333.33,43333.33,43333.33,43333.33,43333.33,43333.33,43333.33,43333.33,1349999.96),(40,2014,'Operations','Equity Oriented Development',33,'MOOE',140500.00,140500.00,140500.00,140500.00,140500.00,140500.00,140500.00,140500.00,140500.00,154500.00,140500.00,140500.00,1700000.00),(41,2014,'Support to Operations','Provincial Stakeholder Orientation',32,'MOOE',83333.33,599999.33,543000.33,460000.33,243333.33,43333.33,43333.33,60000.33,43333.33,43333.33,43333.33,43333.33,2249666.96),(42,2014,'Support to Operations','Capacity Building',34,'MOOE',0.00,0.00,0.00,0.00,10000.00,0.00,0.00,15000.00,0.00,0.00,25000.00,0.00,50000.00),(43,2014,'Operations','Conduct of Ocular Inspection, Monitoring and Supervision of Motorized Bancas/Vessels',34,'MOOE',0.00,0.00,10000.00,0.00,0.00,10000.00,0.00,0.00,32000.00,0.00,0.00,0.00,52000.00),(44,2014,'Operations','Enforcement of Maritime Policies and Updating of Maritime Rules and regulations',34,'MOOE',0.00,0.00,0.00,0.00,0.00,25000.00,0.00,0.00,25000.00,0.00,0.00,0.00,50000.00),(46,2014,'Operations','Conduct of meetings/onference to BASULTA, Lanao del Sur and Maguindanao',34,'MOOE',0.00,0.00,15000.00,0.00,20000.00,0.00,0.00,10000.00,0.00,0.00,5000.00,0.00,50000.00),(49,2014,'Operations','Inspection on Registration, Licensing, Franchising and motorized bancas/vessels regularly',34,'MOOE',0.00,5000.00,0.00,5000.00,0.00,0.00,20000.00,0.00,0.00,8000.00,0.00,0.00,38000.00),(50,2014,'Operations','Procurement of Office Supplies and Materials',34,'MOOE',0.00,0.00,30000.00,0.00,0.00,0.00,0.00,0.00,30000.00,0.00,0.00,0.00,60000.00),(51,2014,'Operations','Hiring of MARINA enforces and information technologies',34,'MOOE',81250.00,18750.00,50000.00,50000.00,50000.00,50000.00,50000.00,50000.00,50000.00,50000.00,50000.00,50000.00,600000.00),(55,2014,'General Administration and Support Services','Salaries/Wages/Basic Pay Civilian',35,'PS',72000.00,72000.00,72000.00,309500.00,72000.00,72000.00,72000.00,72000.00,72000.00,69667.00,69667.00,69667.00,857001.00),(56,2014,'General Administration and Support Services','Contractual/Casual/Emergency',35,'PS',46250.00,46250.00,46250.00,46250.00,46250.00,46250.00,46250.00,46250.00,46250.00,46250.00,46250.00,46250.00,555000.00),(57,2014,'General Administration and Support Services','Clothing Allowance',35,'PS',0.00,0.00,35000.00,0.00,0.00,0.00,0.00,0.00,0.00,0.00,0.00,0.00,35000.00),(58,2014,'General Administration and Support Services','Personnel economic relief allowance',35,'PS',1500.00,1500.00,1500.00,1500.00,1500.00,1500.00,1500.00,1500.00,1500.00,1500.00,1500.00,1500.00,18000.00),(59,2014,'General Administration and Support Services','PIB',35,'PS',0.00,0.00,15000.00,0.00,0.00,0.00,0.00,0.00,0.00,0.00,0.00,0.00,15000.00),(60,2014,'General Administration and Support Services','YEAR-END and Cash Gift',35,'PS',0.00,0.00,0.00,0.00,55000.00,0.00,0.00,0.00,0.00,0.00,55000.00,0.00,110000.00),(61,2014,'General Administration and Support Services','Financial Contribution for Ramadhan',35,'MOOE',0.00,0.00,0.00,0.00,0.00,30000.00,0.00,0.00,0.00,0.00,0.00,0.00,30000.00),(63,2014,'General Administration and Support Services','DOTC-ARMM Anniversary',35,'MOOE',0.00,0.00,0.00,0.00,0.00,0.00,0.00,20000.00,0.00,0.00,0.00,0.00,20000.00),(65,2014,'General Administration and Support Services','Coordination of Officers to ARMM Provinces',35,'MOOE',0.00,0.00,5000.00,0.00,0.00,5000.00,0.00,0.00,5000.00,0.00,5000.00,0.00,20000.00),(66,2014,'General Administration and Support Services','CSC Anniversary Inter-Agency Celebration',35,'MOOE',0.00,0.00,0.00,0.00,0.00,0.00,0.00,0.00,30000.00,0.00,0.00,0.00,30000.00),(67,2014,'General Administration and Support Services','Invitation from National Office',35,'MOOE',0.00,0.00,0.00,0.00,0.00,0.00,0.00,15000.00,0.00,15000.00,0.00,0.00,30000.00),(68,2014,'Support to Operations','Capacity Building',35,'MOOE',0.00,0.00,0.00,0.00,28000.00,0.00,0.00,0.00,0.00,0.00,0.00,0.00,28000.00),(71,2014,'General Administration and Support Services','Salaries and Wages',36,'PS',166000.00,166000.00,166000.00,166000.00,166000.00,166000.00,166000.00,166000.00,166000.00,166000.00,166000.00,174000.00,2000000.00),(72,2014,'General Administration and Support Services','General management and Supervision',36,'MOOE',0.00,0.00,0.00,0.00,0.00,0.00,0.00,0.00,0.00,0.00,0.00,0.00,0.00),(73,2014,'Operations','Travelling Expenses',36,'MOOE',16700.00,16700.00,16700.00,16700.00,16700.00,16700.00,16700.00,16700.00,16700.00,16700.00,16700.00,16600.00,200300.00),(75,2014,'Operations','Extraordinary Expenses/Miscellaneous',36,'MOOE',16700.00,16700.00,16700.00,16700.00,16700.00,16700.00,16700.00,16700.00,16700.00,16700.00,16700.00,16600.00,200300.00),(81,2014,'Operations','Subsidies-Others',36,'MOOE',95000.00,95000.00,95000.00,95000.00,95000.00,95000.00,95000.00,95000.00,95000.00,95000.00,95000.00,95000.00,1140000.00),(83,2014,'Operations','Assistance in Crisis Situation(AICS)',36,'MOOE',0.00,190000.00,190000.00,128000.00,128000.00,128000.00,128000.00,128000.00,128000.00,135000.00,135000.00,137000.00,1140000.00),(85,2014,'Operations','Emergency Response Fund (ERF)',36,'PS',350000.00,250000.00,250000.00,250000.00,250000.00,250000.00,250000.00,250000.00,250000.00,250000.00,250000.00,250000.00,3100000.00),(86,2014,'General Administration and Support Services','Sa',24,'PS',0.00,0.00,0.00,0.00,0.00,0.00,0.00,0.00,0.00,0.00,0.00,0.00,0.00),(87,2014,'General Administration and Support Services','salaries and wages',24,'PS',225000.00,225000.00,225000.00,225000.00,225000.00,225000.00,225000.00,225000.00,225000.00,225000.00,225000.00,225000.00,2700000.00),(88,2014,'General Administration and Support Services','PHIC',24,'PS',4453.00,4453.00,4453.00,4453.00,4453.00,4453.00,4453.00,4453.00,4453.00,4453.00,4453.00,4453.00,53436.00),(89,2014,'General Administration and Support Services','PAG-IBIG',24,'PS',232266.00,232266.00,232266.00,232266.00,232266.00,232266.00,232266.00,232266.00,232266.00,232266.00,232266.00,232266.00,2787192.00),(90,2014,'General Administration and Support Services','REGULAR BOARD MEETING',24,'MOOE',0.00,525000.00,0.00,0.00,525000.00,0.00,0.00,525000.00,0.00,0.00,525000.00,0.00,2100000.00),(91,2014,'General Administration and Support Services','SECTORAL COMMITTEE MEETING',24,'MOOE',6000.00,7000.00,7000.00,6000.00,7000.00,7000.00,6000.00,7000.00,7000.00,6000.00,7000.00,7000.00,80000.00),(92,2014,'General Administration and Support Services','Salaries and Wages',37,'PS',222000.00,222000.00,222000.00,222000.00,222000.00,222000.00,222000.00,222000.00,222000.00,222000.00,222000.00,223849.00,2665849.00),(93,2014,'General Administration and Support Services','DEVELOPMENT PLANNING',24,'PS',10000.00,10000.00,10000.00,10000.00,10000.00,10000.00,10000.00,10000.00,10000.00,10000.00,10000.00,10000.00,120000.00),(95,2014,'General Administration and Support Services','General Management and Supervision',37,'MOOE',0.00,0.00,0.00,211585.00,0.00,0.00,0.00,0.00,0.00,0.00,0.00,0.00,211585.00),(96,2014,'General Administration and Support Services','General Management and Supervision',37,'MOOE',0.00,0.00,0.00,0.00,0.00,0.00,0.00,0.00,0.00,0.00,0.00,0.00,0.00),(97,2014,'General Administration and Support Services','COORDINATION',24,'MOOE',8000.00,8000.00,8000.00,8000.00,8000.00,8000.00,8000.00,8000.00,8000.00,8000.00,8000.00,8000.00,96000.00),(98,2014,'General Administration and Support Services','MONITORING AND EVALUATION',24,'MOOE',25000.00,25000.00,25000.00,25000.00,25000.00,25000.00,25000.00,25000.00,25000.00,25000.00,25000.00,25000.00,300000.00),(99,2014,'General Administration and Support Services','SUPPORT TO OFFICE OPERATION',24,'MOOE',6826.00,6826.00,6826.00,6826.00,6826.00,6826.00,6826.00,6826.00,6826.00,6826.00,6826.00,6826.00,81912.00),(100,2014,'General Administration and Support Services','General Management and Supervision',37,'MOOE',12845.00,12845.00,12845.00,12845.00,12845.00,12845.00,12845.00,12845.00,12845.00,12845.00,12845.00,12856.00,154151.00),(102,2014,'General Administration and Support Services','General Management and Supervision',37,'MOOE',4000.00,1000.00,1000.00,1000.00,1000.00,1000.00,1000.00,1000.00,1000.00,1000.00,1000.00,1000.00,154151.00),(103,2014,'General Administration and Support Services','CAPITAL OUTLAY',24,'CO',0.00,720000.00,0.00,0.00,0.00,0.00,0.00,0.00,0.00,0.00,0.00,0.00,720000.00),(104,2014,'Support to Operations','Regional Management Committee Conference (DILG Family Meeting, i.e. DILG-ARMM,PNP,BJMP.BFP, NAPOLCOM)',40,'MOOE',0.00,150000.00,0.00,0.00,0.00,0.00,0.00,150000.00,0.00,150000.00,0.00,150000.00,600000.00),(108,2014,'Support to Operations','DILG Management Committee Meeting (ManCom)',40,'MOOE',200000.00,0.00,0.00,200000.00,0.00,0.00,0.00,200000.00,0.00,0.00,200000.00,0.00,800000.00),(109,2014,'Support to Operations','Regional Peace and Order Council (RPOC) Regular Meeting',40,'MOOE',0.00,0.00,150000.00,0.00,0.00,0.00,0.00,0.00,150000.00,0.00,150000.00,150000.00,600000.00),(110,2014,'Support to Operations','Interfacing with the Provincial Field Offices and Local Officials',40,'MOOE',100000.00,100000.00,100000.00,100000.00,100000.00,100000.00,100000.00,100000.00,100000.00,100000.00,100000.00,100000.00,1200000.00),(112,2014,'Support to Operations','Printing and Publication od DILG Knowledge (i.e. LGU best practices)',40,'MOOE',0.00,0.00,100000.00,0.00,0.00,100000.00,0.00,0.00,100000.00,0.00,0.00,116000.00,416000.00),(115,2014,'General Administration and Support Services','Salaries and wages',43,'PS',68000.00,68000.00,68000.00,68000.00,68000.00,68000.00,68000.00,68000.00,68000.00,68000.00,68000.00,68000.00,816000.00),(116,2014,'General Administration and Support Services','Salaries/Wages',42,'PS',105000.00,105000.00,105000.00,140000.00,105000.00,105000.00,105000.00,105000.00,105000.00,105000.00,105000.00,105000.00,1260000.00),(118,2014,'General Administration and Support Services','Clothing',42,'PS',0.00,0.00,35000.00,0.00,0.00,0.00,0.00,0.00,0.00,0.00,0.00,0.00,35000.00),(119,2014,'General Administration and Support Services','General Management and Supervision',43,'MOOE',7000.00,7000.00,7000.00,7000.00,7000.00,7000.00,7000.00,7000.00,7000.00,7000.00,7000.00,7000.00,84000.00),(120,2014,'General Administration and Support Services','Salaries/Wages',3,'PS',246158.00,235158.00,958051.00,735536.00,738081.00,143256.00,343416.00,143256.00,143256.00,143256.00,143256.00,143256.00,1719072.00),(121,2014,'General Administration and Support Services','Other Compensation',3,'PS',120601.67,120601.67,120601.67,120601.67,120601.67,120601.67,120601.67,120601.67,120601.67,120601.67,120601.67,120601.67,28728.00),(122,2014,'General Administration and Support Services','Clothing Allowance',3,'PS',0.00,0.00,60000.00,0.00,0.00,0.00,0.00,0.00,0.00,0.00,0.00,0.00,30000.00),(123,2014,'General Administration and Support Services','PIB',3,'PS',0.00,0.00,24000.00,0.00,0.00,0.00,0.00,0.00,0.00,0.00,0.00,0.00,86628.00),(124,2014,'Support to Operations','General/administrative/finance expenses',3,'MOOE',182500.00,193000.00,107500.00,103000.00,102000.00,132000.00,98000.00,112250.00,122500.00,127500.00,97250.00,122250.00,140000.00),(127,2014,'General Administration and Support Services','Bonus and Cash Gift',42,'PS',0.00,0.00,0.00,0.00,52500.00,0.00,0.00,0.00,0.00,0.00,87500.00,0.00,140000.00),(134,2014,'General Administration and Support Services','none',37,'PS',0.00,0.00,0.00,0.00,0.00,0.00,0.00,0.00,0.00,0.00,0.00,0.00,15000.00),(135,2014,'General Administration and Support Services','General Management and Supervision',37,'MOOE',5000.00,5000.00,5000.00,5000.00,5000.00,5000.00,5000.00,5000.00,5000.00,5000.00,5000.00,5000.00,60000.00),(137,2014,'General Administration and Support Services','General Management and Supervision',37,'MOOE',10415.00,0.00,0.00,10415.00,0.00,0.00,10415.00,0.00,0.00,10415.00,0.00,0.00,41660.00),(139,2014,'General Administration and Support Services','General Management and Supervision',37,'MOOE',5000.00,10000.00,10000.00,10000.00,10000.00,10000.00,10000.00,10000.00,10000.00,10000.00,10000.00,13340.00,118340.00),(141,2014,'Support to Operations','Capacity Building',37,'MOOE',68300.00,68300.00,68300.00,68300.00,68300.00,68300.00,68300.00,68300.00,68300.00,68300.00,68300.00,68700.00,820000.00),(143,2014,'Support to Operations','Capacity Building',37,'MOOE',10000.00,10000.00,10000.00,10000.00,10000.00,10000.00,10000.00,10000.00,10000.00,10000.00,10000.00,15000.00,125000.00),(144,2014,'Operations','Budget Release Services',37,'MOOE',0.00,0.00,0.00,0.00,0.00,0.00,0.00,0.00,0.00,0.00,0.00,0.00,0.00),(145,2014,'Operations','Budget Release Services',37,'MOOE',0.00,0.00,0.00,0.00,0.00,0.00,0.00,0.00,0.00,0.00,0.00,0.00,0.00),(146,2014,'Operations','Budget Release Services',37,'MOOE',0.00,0.00,0.00,0.00,0.00,0.00,0.00,0.00,0.00,0.00,0.00,0.00,0.00),(168,2014,'General Administration and Support Services','Salaries and Wages',47,'PS',50000.00,50000.00,50000.00,50000.00,50000.00,50000.00,50000.00,50000.00,50000.00,50000.00,50000.00,50000.00,600000.00),(169,2014,'General Administration and Support Services','Clothing Allowance',47,'PS',0.00,0.00,0.00,30000.00,0.00,0.00,0.00,0.00,0.00,0.00,0.00,0.00,30000.00),(170,2014,'General Administration and Support Services','PIB',47,'PS',0.00,0.00,12000.00,0.00,0.00,0.00,0.00,0.00,0.00,0.00,0.00,0.00,12000.00),(171,2014,'General Administration and Support Services','Salaries and Wages',39,'PS',64000.00,128000.00,0.00,64000.00,64000.00,64000.00,64000.00,64000.00,64000.00,64000.00,64000.00,64000.00,768000.00),(179,2014,'Operations','general management and Supervision',10,'MOOE',176340.37,176340.37,176340.37,176340.37,176340.37,176340.37,176340.37,176340.37,176340.37,176340.37,176340.37,176340.37,2116084.44),(180,2014,'Operations','General Management and Supervision',10,'MOOE',0.00,0.00,0.00,0.00,0.00,0.00,0.00,0.00,0.00,0.00,0.00,0.00,0.00),(181,2014,'Operations','Inventory and Baselining',10,'MOOE',438924.92,438924.92,438924.92,438924.92,438924.92,438924.92,438924.92,438924.92,438924.92,438924.92,438924.92,438924.92,5267099.04),(182,2014,'Operations','Strengthening of youth regional Bodies ',10,'MOOE',0.00,0.00,0.00,0.00,0.00,0.00,0.00,0.00,0.00,0.00,0.00,0.00,0.00),(183,2014,'Operations','Organizing of Youth Volunteers',10,'MOOE',0.00,0.00,0.00,0.00,0.00,0.00,0.00,0.00,0.00,0.00,0.00,0.00,0.00),(184,2014,'Operations','Youth Development Workshops',10,'MOOE',0.00,0.00,0.00,0.00,0.00,0.00,0.00,0.00,0.00,0.00,0.00,0.00,0.00),(185,2014,'Support to Operations','Other Related Youth Empowerment',10,'MOOE',111459.67,111459.67,111459.67,111459.67,111459.67,111459.67,111459.67,111459.67,111459.67,111459.67,111459.67,111459.67,1337516.04),(186,2014,'General Administration and Support Services','Salaries/Wages',12,'PS',507000.00,507000.00,507000.00,507000.00,507000.00,507000.00,507000.00,507000.00,507000.00,507000.00,507000.00,507000.00,6084000.00),(187,2014,'General Administration and Support Services','Clothing',12,'PS',0.00,0.00,0.00,160000.00,0.00,0.00,0.00,0.00,0.00,0.00,0.00,0.00,160000.00),(188,2014,'General Administration and Support Services','Bonus and Incentives',12,'PS',0.00,0.00,0.00,0.00,258100.00,0.00,0.00,0.00,0.00,0.00,258100.00,0.00,516200.00),(189,2014,'General Administration and Support Services','Cash Gift',12,'PS',0.00,0.00,0.00,0.00,80000.00,0.00,0.00,0.00,0.00,0.00,80000.00,0.00,160000.00),(192,2014,'General Administration and Support Services','Office Supplies Expenses',12,'MOOE',39000.00,39000.00,39000.00,39000.00,39000.00,39000.00,39000.00,39000.00,39000.00,39000.00,39000.00,39000.00,468000.00),(193,2014,'General Administration and Support Services','Electricity/Water Expenses',12,'MOOE',7500.00,7500.00,7500.00,7500.00,7500.00,7500.00,7500.00,7500.00,7500.00,7500.00,7500.00,7500.00,90000.00),(194,2014,'General Administration and Support Services','Salaries and Wages',44,'PS',62670.00,62670.00,62670.00,62670.00,62670.00,62670.00,62670.00,62670.00,62670.00,62670.00,62670.00,62670.00,752040.00),(195,2014,'General Administration and Support Services','Telephone/Comm. Services',12,'MOOE',3600.00,3600.00,3600.00,3600.00,3600.00,3600.00,3600.00,3600.00,3600.00,3600.00,3600.00,3600.00,43200.00),(196,2014,'General Administration and Support Services','Salaries of personnel and Contracrual',44,'PS',66869.33,66869.33,66869.33,66869.33,66869.33,66869.33,66869.33,66869.33,66869.33,66869.33,66869.33,66869.33,80243196.00),(197,2014,'General Administration and Support Services','Cable, TV and Radio ',12,'MOOE',5000.00,5000.00,5000.00,5000.00,5000.00,5000.00,5000.00,5000.00,5000.00,5000.00,5000.00,5000.00,60000.00),(198,2014,'General Administration and Support Services','Other Compensation',44,'PS',28320.42,28320.42,28320.42,28320.42,28320.42,28320.42,28320.42,28320.42,28320.42,28320.42,28320.42,28320.42,33984504.00),(199,2014,'General Administration and Support Services','Printing and Binding Services',12,'MOOE',4200.00,4200.00,4200.00,4200.00,4200.00,4200.00,4200.00,4200.00,4200.00,4200.00,4200.00,4200.00,50400.00),(200,2014,'General Administration and Support Services','Clothing Allowance',44,'PS',0.00,0.00,5000.00,0.00,0.00,0.00,0.00,0.00,0.00,0.00,0.00,0.00,5000.00),(202,2014,'General Administration and Support Services','PIB',44,'PS',0.00,0.00,2000.00,0.00,0.00,0.00,0.00,0.00,0.00,0.00,0.00,0.00,2000.00),(203,2014,'General Administration and Support Services','Transportation Services',12,'MOOE',14700.00,14700.00,14700.00,14700.00,14700.00,14700.00,14700.00,14700.00,14700.00,14700.00,14700.00,14700.00,176400.00),(204,2014,'Support to Operations','General Administration and Support Service',44,'PS',110000.00,110000.00,110000.00,110000.00,110000.00,110000.00,110000.00,110000.00,110000.00,110000.00,110000.00,110000.00,1320000.00),(205,2014,'General Administration and Support Services','Repair and Maintenance - Office Equipment',12,'MOOE',4200.00,4200.00,4200.00,4200.00,4200.00,4200.00,4200.00,4200.00,4200.00,4200.00,4200.00,4200.00,50400.00),(206,2014,'Support to Operations','General Management and Supervision',44,'PS',0.00,0.00,0.00,0.00,0.00,0.00,0.00,0.00,0.00,0.00,0.00,0.00,0.00),(207,2014,'General Administration and Support Services','Extraordinary and Miscellaneous',12,'MOOE',19700.00,19700.00,19700.00,19700.00,19700.00,19700.00,19700.00,19700.00,19700.00,19700.00,19700.00,19700.00,236400.00),(208,2014,'Support to Operations','General Management and Supervision',44,'PS',0.00,0.00,0.00,0.00,0.00,0.00,0.00,0.00,0.00,0.00,0.00,0.00,0.00),(210,2014,'General Administration and Support Services','Salaries/Wages',5,'PS',0.00,0.00,192000.00,64000.00,64000.00,64000.00,64000.00,64000.00,64000.00,64000.00,64000.00,64000.00,768000.00),(211,2014,'General Administration and Support Services','Maintenance of landslide in accordance SARPS/ICAO',5,'MOOE',10000.00,25000.00,5000.00,0.00,5000.00,0.00,5000.00,0.00,5000.00,0.00,5000.00,0.00,40000.00),(216,2014,'Support to Operations','capacity building',49,'MOOE',0.00,0.00,10000.00,0.00,0.00,0.00,0.00,15000.00,0.00,0.00,25000.00,0.00,50000.00),(217,2014,'Operations','Conduct of ocular inspection, monitoring and supervision of motorized bancas/vessels',49,'MOOE',0.00,0.00,10000.00,0.00,0.00,10000.00,0.00,0.00,32000.00,0.00,0.00,0.00,52000.00),(218,2014,'Operations','Enforcement of maritime policies and updating of maritime rules and regulations',49,'MOOE',0.00,0.00,0.00,0.00,0.00,25000.00,0.00,0.00,25000.00,0.00,0.00,0.00,50000.00),(219,2014,'Operations','Conduct of meetings/conference to BASULTA , Lanao del Sur and Maguindanao',49,'MOOE',0.00,0.00,15000.00,0.00,20000.00,0.00,0.00,10000.00,0.00,0.00,5000.00,0.00,50000.00),(225,2014,'Support to Operations','Capacity Building',5,'MOOE',0.00,0.00,7000.00,0.00,0.00,7000.00,0.00,2000.00,5000.00,0.00,0.00,7000.00,28000.00),(230,2014,'Operations','Enhancement of safety and security in the airports',5,'MOOE',5000.00,0.00,5000.00,2000.00,5000.00,0.00,5000.00,3000.00,0.00,2000.00,2000.00,0.00,29000.00),(232,2014,'Operations','Inspection on registration, licensing franchising of motorized bancas/vessels regularly',49,'MOOE',0.00,5000.00,0.00,5000.00,0.00,0.00,20000.00,0.00,0.00,8000.00,0.00,0.00,38000.00),(233,2014,'Operations','procurement of office supplies and materials',49,'MOOE',0.00,0.00,30000.00,0.00,0.00,0.00,0.00,0.00,30000.00,0.00,0.00,0.00,60000.00),(234,2014,'Operations','Supervision, Coordination, and Monitoring',5,'MOOE',10000.00,5000.00,0.00,5000.00,5000.00,0.00,0.00,5000.00,0.00,5000.00,0.00,0.00,35000.00),(235,2014,'Operations','Hiring of MARINA enforcers and information technologies',49,'MOOE',50000.00,50000.00,50000.00,50000.00,50000.00,50000.00,50000.00,50000.00,50000.00,50000.00,50000.00,50000.00,600000.00),(236,2014,'General Administration and Support Services','Salaries/Wages',4,'PS',259742.00,259742.00,259742.00,259742.00,259742.00,244915.00,244915.00,244915.00,244915.00,244915.00,244915.00,244915.00,3013115.00),(237,2014,'General Administration and Support Services','Salaries/Wages',50,'PS',72000.00,72000.00,72000.00,72000.00,72000.00,72000.00,72000.00,72000.00,72000.00,72000.00,72000.00,72000.00,864000.00),(238,2014,'General Administration and Support Services','Salaries/Wages - Contractual/casual/Emmergency',50,'PS',46250.00,46250.00,46250.00,46250.00,46250.00,46250.00,46250.00,46250.00,46250.00,46250.00,46250.00,46250.00,555000.00),(239,2014,'General Administration and Support Services','Clothing',50,'PS',0.00,0.00,35000.00,0.00,0.00,0.00,0.00,0.00,0.00,0.00,0.00,0.00,35000.00),(240,2014,'General Administration and Support Services','Personnel economic relief allowance',50,'PS',1500.00,1500.00,1500.00,1500.00,1500.00,1500.00,1500.00,1500.00,1500.00,1500.00,1500.00,1500.00,18000.00),(241,2014,'General Administration and Support Services','PIB',50,'PS',0.00,0.00,15000.00,0.00,0.00,0.00,0.00,0.00,0.00,0.00,0.00,0.00,15000.00),(242,2014,'General Administration and Support Services','Year-end bonus and cash gift',50,'PS',0.00,0.00,0.00,0.00,55000.00,0.00,0.00,0.00,0.00,0.00,55000.00,0.00,110000.00),(243,2014,'General Administration and Support Services','Financial contribution for Ramadhan',50,'MOOE',0.00,0.00,0.00,0.00,0.00,30000.00,0.00,0.00,0.00,0.00,0.00,0.00,30000.00),(244,2014,'General Administration and Support Services','DOTC-ARMM Anniversary ',50,'PS',0.00,0.00,0.00,0.00,0.00,0.00,0.00,20000.00,0.00,0.00,0.00,0.00,20000.00),(245,2014,'General Administration and Support Services','Coordination of Officers to ARMM provinces',50,'MOOE',0.00,0.00,5000.00,0.00,0.00,5000.00,0.00,0.00,5000.00,0.00,5000.00,0.00,20000.00),(246,2014,'General Administration and Support Services','CSC Inter-Agency Celebration',50,'PS',0.00,0.00,0.00,0.00,0.00,0.00,0.00,0.00,30000.00,0.00,0.00,0.00,30000.00),(247,2014,'General Administration and Support Services','Invitation from National Office',50,'PS',0.00,0.00,0.00,0.00,0.00,0.00,0.00,15000.00,0.00,15000.00,0.00,0.00,30000.00),(248,2014,'General Administration and Support Services','Other compensation',4,'PS',35717.00,35717.00,35717.00,35717.00,35717.00,34932.00,34932.00,34932.00,34932.00,34932.00,34932.00,34932.00,423109.00),(249,2014,'General Administration and Support Services','Clothing Allowances',4,'PS',0.00,0.00,95000.00,0.00,0.00,0.00,0.00,0.00,0.00,0.00,0.00,0.00,95000.00),(250,2014,'General Administration and Support Services','Productivity Incentive Benefits',4,'PS',0.00,0.00,38000.00,0.00,0.00,0.00,0.00,0.00,0.00,0.00,0.00,0.00,38000.00),(251,2014,'General Administration and Support Services','YEB and Cash Gift',4,'PS',0.00,0.00,0.00,0.00,0.00,31514.50,0.00,0.00,0.00,0.00,0.00,31514.50,63029.00),(252,2014,'Support to Operations','Capacity Building',50,'MOOE',0.00,0.00,0.00,0.00,28000.00,0.00,0.00,0.00,0.00,0.00,0.00,0.00,28000.00),(253,2014,'Operations','No program indicated',50,'MOOE',0.00,0.00,5000.00,0.00,28000.00,35000.00,0.00,35000.00,35000.00,15000.00,5000.00,0.00,158000.00),(256,2014,'General Administration and Support Services','General Management and Supervision',4,'MOOE',424512.00,690875.50,662213.00,139512.50,279025.00,139512.50,139512.50,139512.50,139512.50,139512.50,139512.50,139512.50,1674150.00),(276,2014,'General Administration and Support Services','MOOE',13,'MOOE',70834.00,70833.00,70833.00,70833.00,70833.00,70833.00,70833.00,70833.00,70833.00,70833.00,70833.00,70836.00,850000.00),(278,2014,'Support to Operations','Networking, linkaging, and partnership',4,'MOOE',45000.00,45000.00,30850.00,0.00,0.00,0.00,0.00,0.00,0.00,0.00,0.00,0.00,120850.00),(289,2014,'General Administration and Support Services',' General Services',2,'MOOE',112500.00,112500.00,112500.00,112500.00,112500.00,112500.00,112500.00,112500.00,112500.00,112500.00,112500.00,112500.00,1350000.00),(291,2014,'General Administration and Support Services','Administrative  Services',2,'MOOE',46700.00,46700.00,146700.00,46700.00,46700.00,46700.00,46700.00,46700.00,46700.00,46700.00,46700.00,46700.00,660400.00),(292,2014,'General Administration and Support Services','Finance Services',2,'MOOE',24500.00,24500.00,24500.00,24500.00,24500.00,24500.00,24500.00,24500.00,24500.00,24500.00,24500.00,24500.00,294000.00),(296,2014,'Support to Operations','Capacity Building',2,'MOOE',360053.00,127044.00,111549.00,0.00,0.00,0.00,0.00,0.00,0.00,0.00,0.00,0.00,598646.00),(299,2014,'Operations','Training and skills development services ARMM HELPS Entrepreneur training',1,'MOOE',200000.00,200000.00,200000.00,200000.00,200000.00,0.00,0.00,0.00,0.00,0.00,0.00,0.00,3000000.00),(301,2014,'Support to Operations','Strengthening Linkages',2,'MOOE',0.00,22500.00,0.00,0.00,22500.00,0.00,0.00,22500.00,0.00,0.00,22500.00,0.00,90000.00),(302,2014,'Support to Operations','Data Management',2,'MOOE',0.00,0.00,0.00,243549.00,243549.00,0.00,200000.00,0.00,0.00,0.00,0.00,0.00,687098.00),(303,2014,'Operations','Budget Release Services',2,'MOOE',10000.00,33500.00,10000.00,10000.00,33500.00,10000.00,10000.00,33500.00,10000.00,10000.00,33500.00,10000.00,214000.00),(304,2014,'Operations','Budget and Management Policy Services',2,'MOOE',191710.00,0.00,100000.00,0.00,0.00,100000.00,0.00,0.00,100000.00,0.00,100000.00,0.00,591710.00),(305,2014,'Operations','Agency budget and management services',2,'MOOE',30040.00,217049.50,153694.00,255549.00,466001.00,113550.00,20550.00,179550.00,110550.00,195550.00,79549.50,24114.00,1845747.00),(307,2014,'Operations','Performance monitoring',2,'MOOE',73000.00,20000.00,20000.00,10000.00,20000.00,20000.00,10000.00,20000.00,20000.00,35000.00,20000.00,10000.00,278000.00),(309,2014,'General Administration and Support Services','Year end bonus',3,'PS',0.00,0.00,0.00,0.00,207664.00,0.00,0.00,0.00,0.00,0.00,207664.00,0.00,415328.00),(310,2014,'General Administration and Support Services','Capacity Building',3,'MOOE',241000.00,292658.00,141832.00,290938.00,141638.00,296138.00,183883.00,298138.00,146238.00,396335.00,261138.00,261138.00,2951074.00),(311,2014,'General Administration and Support Services','Travelling Expenses',12,'MOOE',95000.00,95000.00,95000.00,95000.00,95000.00,95000.00,95000.00,95000.00,95000.00,95000.00,95000.00,95000.00,1140000.00),(312,2014,'General Administration and Support Services','Training and seminars expenses',12,'MOOE',73200.00,73200.00,73200.00,73200.00,73200.00,73200.00,73200.00,73200.00,73200.00,73200.00,73200.00,73200.00,878400.00),(313,2014,'General Administration and Support Services','Rent Expenses',12,'MOOE',8300.00,8300.00,8300.00,8300.00,8300.00,8300.00,8300.00,8300.00,8300.00,8300.00,8300.00,8300.00,99600.00),(314,2014,'General Administration and Support Services','Other maintenance and operating ',12,'MOOE',149000.00,149000.00,149000.00,149000.00,149000.00,149000.00,149000.00,149000.00,149000.00,149000.00,149000.00,149000.00,1788000.00),(315,2014,'General Administration and Support Services','Salaries and Wages',51,'PS',85500.00,85500.00,85500.00,85500.00,85500.00,85500.00,85500.00,85500.00,85500.00,85500.00,85500.00,85500.00,1026000.00),(316,2014,'Operations','Investment Promotion',51,'MOOE',83333.00,83333.00,83333.00,83333.00,83333.00,83333.00,83333.00,83333.00,83333.00,83333.00,83333.00,83337.00,1000000.00),(317,2014,'General Administration and Support Services','Office Equipment (IT)',51,'CO',0.00,0.00,175000.00,0.00,0.00,0.00,0.00,0.00,0.00,0.00,0.00,0.00,175000.00),(318,2014,'General Administration and Support Services','Transportation Equipment',51,'CO',0.00,0.00,1800000.00,0.00,0.00,0.00,0.00,0.00,0.00,0.00,0.00,0.00,1800000.00),(319,2014,'General Administration and Support Services','Salaries and Wages',52,'PS',0.00,244266.00,122133.00,122133.00,122133.00,122133.00,122133.00,122133.00,122133.00,122133.00,122133.00,122133.00,1465596.00),(320,2014,'General Administration and Support Services','Other Compensation',52,'PS',25224.08,25224.08,25224.08,25224.08,25224.08,25224.08,25224.08,25224.08,25224.08,25224.08,25224.08,25224.08,30268896.00),(321,2014,'General Administration and Support Services','Clothing Allowance',52,'PS',0.00,0.00,30000.00,0.00,0.00,0.00,0.00,0.00,0.00,0.00,0.00,0.00,30000.00),(322,2014,'General Administration and Support Services','Honoraria (Detailed Staff and Board Members)',52,'PS',35288.92,35288.92,35288.92,35288.92,35288.92,35288.92,35288.92,35288.92,35288.92,35288.92,35288.92,35288.92,42346704.00),(323,2014,'General Administration and Support Services','Cash Gift',52,'PS',0.00,0.00,0.00,0.00,15000.00,0.00,0.00,0.00,0.00,0.00,0.00,15000.00,30000.00),(324,2014,'General Administration and Support Services','Productivity Incentive Benefit',52,'PS',0.00,0.00,0.00,0.00,0.00,0.00,0.00,0.00,0.00,0.00,0.00,12000.00,12000.00),(325,2014,'General Administration and Support Services','Year End Bonus',52,'PS',0.00,0.00,0.00,0.00,0.00,0.00,0.00,0.00,0.00,0.00,0.00,90930.00,90930.00),(326,2014,'General Administration and Support Services','No Program Indicated',52,'MOOE',0.00,0.00,25000.00,0.00,0.00,25000.00,0.00,0.00,25000.00,0.00,0.00,25000.00,100000.00),(327,2014,'Support to Operations','No Program Indicated',52,'MOOE',0.00,0.00,37500.00,37500.00,0.00,0.00,0.00,0.00,37500.00,0.00,0.00,37500.00,150000.00),(328,2014,'Support to Operations','No Program Indicated',52,'MOOE',0.00,75000.00,0.00,0.00,75000.00,0.00,75000.00,0.00,0.00,0.00,75000.00,0.00,300000.00),(329,2014,'Support to Operations','No Program Indicated',52,'MOOE',35500.00,35500.00,35500.00,35500.00,35500.00,35500.00,35500.00,35500.00,35500.00,35500.00,35500.00,35500.00,426000.00),(330,2014,'Support to Operations','No Program Indicated Indicator',52,'MOOE',0.00,0.00,0.00,4800.00,0.00,0.00,0.00,0.00,0.00,0.00,0.00,0.00,4800.00),(331,2014,'Support to Operations','No Program Indicated Indicator',52,'MOOE',0.00,0.00,2500.00,0.00,0.00,2500.00,0.00,0.00,2500.00,0.00,0.00,2500.00,10000.00),(332,2014,'Support to Operations','No Program Indicated Indicator',52,'MOOE',33333.33,33333.33,33333.33,33333.33,33333.33,33333.33,33333.33,33333.33,33333.33,33333.33,33333.33,33333.33,39999996.00),(333,2014,'Support to Operations','No Program Indicated Indicator',52,'MOOE',0.00,0.00,2500.00,0.00,0.00,2500.00,0.00,0.00,2500.00,0.00,0.00,2500.00,10000.00),(334,2014,'Support to Operations','No Program Indicated Indicator',52,'MOOE',0.00,0.00,0.00,0.00,0.00,20000.00,0.00,0.00,0.00,0.00,0.00,15000.00,35000.00),(335,2014,'Support to Operations','No Program Indicated Indicator',52,'MOOE',0.00,0.00,0.00,10000.00,0.00,0.00,0.00,0.00,0.00,10000.00,0.00,0.00,20000.00),(336,2014,'Operations','Construction of housing units',52,'CO',6000000.00,14000000.00,0.00,0.00,0.00,0.00,0.00,0.00,0.00,0.00,0.00,0.00,20000000.00),(349,2014,'General Administration and Support Services','Salaries and Wages',53,'PS',396297.28,396297.28,396297.28,396297.28,396297.28,396297.28,396297.28,396297.28,396297.28,396297.28,396297.28,396297.28,4755567.36),(350,2014,'General Administration and Support Services','RATA',53,'PS',31600.00,31600.00,31600.00,31600.00,31600.00,31600.00,31600.00,31600.00,31600.00,31600.00,31600.00,31600.00,379200.00),(351,2014,'General Administration and Support Services','PERA',53,'PS',6000.00,6000.00,6000.00,6000.00,6000.00,6000.00,6000.00,6000.00,6000.00,6000.00,6000.00,6000.00,72000.00),(352,2014,'General Administration and Support Services','Clothing Allowance',53,'PS',0.00,0.00,15000.00,0.00,0.00,0.00,0.00,0.00,0.00,0.00,0.00,0.00,15000.00),(353,2014,'General Administration and Support Services','PIB',53,'PS',0.00,0.00,6000.00,0.00,0.00,0.00,0.00,0.00,0.00,0.00,0.00,0.00,6000.00),(354,2014,'General Administration and Support Services','YEB and Cash Gift',53,'PS',0.00,0.00,0.00,0.00,105279.50,0.00,0.00,0.00,0.00,0.00,105279.50,0.00,210559.00),(355,2014,'General Administration and Support Services','General Management and Supervisor',53,'MOOE',66575.00,66575.00,66575.00,66575.00,66575.00,66575.00,66575.00,66575.00,66575.00,66575.00,66575.00,66575.00,798900.00),(357,2014,'General Administration and Support Services','General Management and Supervision',53,'MOOE',0.00,0.00,0.00,0.00,0.00,0.00,0.00,0.00,0.00,0.00,0.00,0.00,0.00),(358,2014,'Support to Operations','Capacity Building',53,'PS',45000.00,91000.00,276800.00,301800.00,45000.00,67000.00,46000.00,67000.00,75800.00,67000.00,184000.00,90000.00,1356400.00),(359,2014,'Operations','Litigation',53,'PS',128800.00,198600.00,181800.00,181800.00,203800.00,181800.00,182400.00,182400.00,217800.00,218600.00,199000.00,208600.00,2285400.00),(361,2014,'General Administration and Support Services','Salaries/Wages',2,'PS',465015.00,465015.00,465015.00,465015.00,465015.00,465015.00,465015.00,465015.00,850000.00,465015.00,465015.00,465015.00,5965165.00),(362,2014,'General Administration and Support Services','Other Compensation',2,'PS',114785.00,114785.00,114785.00,114785.00,114785.00,114785.00,114785.00,114785.00,114785.00,114785.00,114785.00,114785.00,1377420.00),(363,2014,'General Administration and Support Services','Clothing Allowance',2,'PS',0.00,0.00,45000.00,0.00,0.00,0.00,0.00,0.00,0.00,0.00,0.00,0.00,45000.00),(369,2014,'General Administration and Support Services','PIB',2,'PS',0.00,0.00,18000.00,0.00,0.00,0.00,0.00,0.00,0.00,0.00,0.00,0.00,18000.00),(370,2014,'General Administration and Support Services','YEB and Cash Gift',2,'PS',0.00,0.00,0.00,0.00,0.00,158007.50,0.00,0.00,0.00,0.00,0.00,158007.50,316015.00),(372,2014,'Operations','Institutionalization of ADA',4,'MOOE',120000.00,245000.00,366850.00,0.00,0.00,0.00,0.00,0.00,0.00,0.00,0.00,0.00,731850.00),(373,2014,'Operations','ARMM Officials and Personnel Capability Building ARG Management Development',4,'MOOE',120000.00,121850.00,125000.00,125000.00,121850.00,241850.00,125000.00,251000.00,125000.00,245850.00,125000.00,120850.00,1848250.00),(374,2014,'General Administration and Support Services','Salaries/Wages',28,'PS',356903.00,356903.00,356903.00,356903.00,356903.00,356903.00,356903.00,356903.00,356903.00,356903.00,356903.00,356903.00,4282836.00),(375,2014,'General Administration and Support Services','Other Compensation',28,'PS',29087.42,29087.42,29087.42,29087.42,29087.42,29087.42,29087.42,29087.42,29087.42,29087.42,29087.42,29087.42,349049.04),(376,2014,'General Administration and Support Services','Bonus and Incentives',28,'PS',0.00,0.00,20000.00,0.00,0.00,136197.50,0.00,0.00,0.00,0.00,136197.50,0.00,292395.00),(377,2014,'General Administration and Support Services','Clothing Allowance',28,'PS',0.00,0.00,40000.00,0.00,0.00,0.00,0.00,0.00,0.00,0.00,0.00,0.00,40000.00),(378,2014,'General Administration and Support Services','Personnel economic relief allowance',28,'PS',16000.00,16000.00,16000.00,16000.00,16000.00,16000.00,16000.00,16000.00,16000.00,16000.00,16000.00,16000.00,192000.00),(379,2014,'General Administration and Support Services','RATA',28,'PS',65000.00,65000.00,65000.00,65000.00,65000.00,65000.00,65000.00,65000.00,65000.00,65000.00,65000.00,65000.00,780000.00),(380,2014,'General Administration and Support Services','weekly interface between officials and media',28,'MOOE',48000.00,48000.00,48000.00,48000.00,48000.00,48000.00,48000.00,48000.00,48000.00,48000.00,48000.00,48000.00,576000.00),(381,2014,'General Administration and Support Services','Production and publication of news, official statements, messages and speeches',28,'MOOE',50000.00,0.00,40000.00,0.00,0.00,40000.00,40000.00,0.00,0.00,40000.00,0.00,40000.00,250000.00),(382,2014,'General Administration and Support Services','Coverages & documeantation of ARMM activities',28,'MOOE',60000.00,60000.00,60000.00,60000.00,60000.00,60000.00,60000.00,60000.00,60000.00,60000.00,60000.00,60000.00,720000.00),(383,2014,'Support to Operations','Publication/Production of Quarterly newsletter',28,'MOOE',0.00,0.00,100000.00,0.00,0.00,100000.00,0.00,0.00,100000.00,0.00,100000.00,0.00,400000.00),(384,2014,'Support to Operations','Operation and maintenance of BP-ARMM Website and official media accounts',28,'PS',80000.00,100000.00,0.00,0.00,0.00,30000.00,0.00,0.00,0.00,0.00,0.00,0.00,210000.00),(385,2014,'Support to Operations','SORA & ARMM Anniversary',28,'MOOE',0.00,125000.00,0.00,0.00,0.00,0.00,0.00,0.00,0.00,125000.00,0.00,0.00,250000.00),(386,2014,'Support to Operations','Production of IEC materials',28,'PS',98000.00,98000.00,98000.00,98000.00,98000.00,98000.00,98000.00,98000.00,98000.00,98000.00,98000.00,98000.00,1176000.00),(387,2014,'Support to Operations','The Working Governor',28,'PS',50000.00,50000.00,50000.00,50000.00,50000.00,25000.00,25000.00,50000.00,50000.00,25000.00,50000.00,25000.00,500000.00),(388,2014,'Support to Operations','Staff Development',28,'MOOE',0.00,0.00,400000.00,0.00,0.00,0.00,0.00,0.00,0.00,0.00,0.00,0.00,400000.00),(389,2014,'Support to Operations','ARMM Media Summit',28,'MOOE',0.00,0.00,0.00,0.00,280511.00,0.00,0.00,0.00,0.00,0.00,0.00,0.00,280511.00),(390,2014,'General Administration and Support Services','Salaries/Wages',10,'PS',135572.00,135572.00,135572.00,135572.00,135572.00,135572.00,135572.00,135572.00,135572.00,135572.00,135572.00,135572.00,1626864.00),(391,2014,'General Administration and Support Services','Other Compensation',10,'PS',56822.08,56822.08,56822.08,56822.08,56822.08,56822.08,56822.08,56822.08,56822.08,56822.08,56822.08,56822.08,681864.96),(392,2014,'General Administration and Support Services','Clothing',10,'PS',0.00,0.00,25000.00,0.00,0.00,0.00,0.00,0.00,0.00,0.00,0.00,0.00,25000.00),(393,2014,'General Administration and Support Services','PIB',10,'PS',0.00,0.00,10000.00,0.00,0.00,0.00,0.00,0.00,0.00,0.00,0.00,0.00,10000.00),(395,2014,'General Administration and Support Services','Year end bonus',10,'PS',0.00,0.00,0.00,0.00,0.00,67786.00,0.00,0.00,0.00,0.00,0.00,67786.00,135572.00),(397,2014,'General Administration and Support Services','Salaries/Wages',27,'PS',112449.00,112449.00,112449.00,112449.00,112449.00,112449.00,112449.00,112449.00,112449.00,112449.00,112449.00,112449.00,1349388.00),(398,2014,'General Administration and Support Services','GASS',27,'MOOE',20000.00,20000.00,20000.00,20000.00,20000.00,20000.00,20000.00,20000.00,20000.00,20000.00,20000.00,20000.00,240000.00),(399,2014,'Operations','Promotion of Rural Employment thru Self-employment & Enterpreneurship Development (PRESSED)',27,'MOOE',83333.00,83333.00,83333.00,83333.00,83333.00,83333.00,83333.00,83333.00,83333.00,83334.00,83334.00,83335.00,1000000.00),(400,2014,'Operations','Employment Promotion and Development',27,'MOOE',0.00,0.00,0.00,70000.00,0.00,0.00,0.00,0.00,0.00,0.00,0.00,0.00,70000.00),(401,2014,'Support to Operations','MOOE',18,'MOOE',166667.00,166667.00,166667.00,166667.00,166667.00,166667.00,166667.00,166667.00,166667.00,166667.00,166667.00,166663.00,2000000.00),(402,2014,'Support to Operations','MOOE',19,'MOOE',160000.00,160000.00,160000.00,160000.00,160000.00,160000.00,160000.00,160000.00,160000.00,160000.00,160000.00,160000.00,1920000.00),(403,2014,'Support to Operations','MOOE',20,'MOOE',175000.00,175000.00,175000.00,175000.00,175000.00,175000.00,175000.00,175000.00,175000.00,175000.00,175000.00,175000.00,2100000.00),(404,2014,'General Administration and Support Services','Salaries/Wages',22,'PS',14000.00,14000.00,14000.00,14000.00,14000.00,14000.00,14000.00,14000.00,14000.00,14000.00,14000.00,14000.00,168000.00),(405,2014,'Support to Operations','Seminar',22,'MOOE',0.00,0.00,0.00,0.00,25000.00,0.00,25000.00,0.00,0.00,0.00,25000.00,0.00,75000.00),(406,2014,'Support to Operations','Reading',22,'MOOE',2800.00,2800.00,2800.00,2800.00,2800.00,2800.00,2800.00,2800.00,2800.00,2800.00,2800.00,2800.00,33600.00),(407,2014,'Support to Operations','Materials',22,'MOOE',10000.00,10000.00,10000.00,10000.00,10000.00,10000.00,10000.00,10000.00,10000.00,10000.00,10000.00,10000.00,120000.00),(408,2014,'Support to Operations','Book Mobile',22,'MOOE',0.00,0.00,0.00,0.00,0.00,30000.00,0.00,0.00,0.00,0.00,0.00,0.00,30000.00),(409,2014,'Support to Operations','Power Service',22,'MOOE',13000.00,13000.00,13000.00,13000.00,13000.00,13000.00,13000.00,13000.00,13000.00,13000.00,13000.00,13000.00,156000.00),(410,2014,'Support to Operations','Lubricants',22,'MOOE',2500.00,2500.00,2500.00,2500.00,2500.00,2500.00,2500.00,2500.00,2500.00,2500.00,2500.00,2500.00,30000.00),(411,2014,'Support to Operations','Maintenance - building',22,'MOOE',0.00,0.00,0.00,0.00,0.00,0.00,300000.00,0.00,0.00,0.00,0.00,0.00,300000.00),(413,2014,'Support to Operations','Maintenance - Transportation',22,'MOOE',0.00,0.00,0.00,0.00,100000.00,0.00,0.00,0.00,0.00,0.00,0.00,0.00,100000.00),(414,2014,'Support to Operations','Registration and Smoke Emission',22,'MOOE',0.00,0.00,0.00,0.00,0.00,11400.00,0.00,0.00,0.00,0.00,0.00,0.00,11400.00),(415,2014,'Support to Operations','MOOE',54,'MOOE',416667.00,416667.00,416667.00,416667.00,416667.00,416667.00,416667.00,416667.00,416667.00,416667.00,416667.00,416663.00,5000000.00),(416,2014,'Support to Operations','MOOE',16,'MOOE',125000.00,125000.00,125000.00,125000.00,125000.00,125000.00,125000.00,125000.00,125000.00,125000.00,125000.00,125000.00,1500000.00),(417,2014,'Support to Operations','MOOE',17,'MOOE',250000.00,250000.00,250000.00,250000.00,250000.00,250000.00,250000.00,250000.00,250000.00,250000.00,250000.00,250000.00,3000000.00),(418,2014,'Support to Operations','MOOE',14,'MOOE',50000.00,50000.00,50000.00,50000.00,50000.00,50000.00,50000.00,50000.00,50000.00,50000.00,50000.00,50000.00,600000.00),(419,2014,'Support to Operations','MOOE',15,'MOOE',350000.00,350000.00,350000.00,350000.00,350000.00,350000.00,350000.00,350000.00,350000.00,350000.00,350000.00,350000.00,4200000.00),(420,2014,'Support to Operations','Regional Welfare Services',45,'MOOE',12000.00,12000.00,24000.00,12000.00,12000.00,12000.00,12000.00,12000.00,12000.00,12000.00,12000.00,0.00,144000.00),(421,2014,'Support to Operations','Repatriation Related Services',45,'MOOE',500.00,500.00,1000.00,1000.00,1000.00,1000.00,1000.00,1000.00,1000.00,1000.00,1000.00,0.00,10000.00),(430,2014,'General Administration and Support Services','Human capacity development development',42,'MOOE',14000.00,14000.00,14000.00,14000.00,14000.00,14000.00,14000.00,14000.00,14000.00,14000.00,14000.00,14000.00,168000.00),(431,2014,'Operations','Overseas employment facilitation ',42,'MOOE',36000.00,36000.00,36000.00,36000.00,36000.00,36000.00,36000.00,36000.00,36000.00,36000.00,36000.00,36000.00,432000.00),(432,2014,'Operations','Education and information program/anti illegal recruitment campaign',42,'MOOE',0.00,0.00,0.00,0.00,0.00,0.00,0.00,0.00,0.00,0.00,0.00,0.00,0.00),(433,2014,'Support to Operations','Public consultation/wage symposium',47,'MOOE',0.00,0.00,0.00,0.00,0.00,150000.00,0.00,0.00,0.00,0.00,0.00,0.00,150000.00),(434,2014,'Support to Operations','Productivity trainings',47,'MOOE',0.00,34000.00,0.00,0.00,0.00,0.00,33000.00,0.00,0.00,33000.00,0.00,0.00,100000.00),(436,2014,'Support to Operations','LHP/Learning sessions/TAVS',47,'MOOE',10000.00,0.00,0.00,20000.00,0.00,0.00,0.00,10000.00,0.00,0.00,10000.00,0.00,50000.00),(437,2014,'Support to Operations','Operasyon Pawis (Monitoring)',47,'MOOE',0.00,0.00,8000.00,0.00,14000.00,0.00,0.00,0.00,14000.00,0.00,0.00,14000.00,50000.00),(439,2014,'General Administration and Support Services','YEB and Cash Gift',47,'PS',0.00,0.00,0.00,0.00,40000.00,0.00,0.00,0.00,0.00,0.00,40000.00,0.00,80000.00),(440,2014,'General Administration and Support Services','Salaries/Wages',55,'PS',158976.00,158976.00,158976.00,158976.00,158976.00,158976.00,158976.00,158976.00,158976.00,158976.00,158976.00,158976.00,1907712.00),(441,2014,'General Administration and Support Services','YEB and Cash Gift',55,'PS',0.00,0.00,0.00,0.00,0.00,0.00,0.00,0.00,0.00,0.00,176976.00,0.00,176976.00),(442,2014,'General Administration and Support Services','PIB',55,'PS',0.00,0.00,0.00,12000.00,0.00,0.00,0.00,0.00,0.00,0.00,0.00,0.00,12000.00),(443,2014,'General Administration and Support Services','Clothing',55,'PS',0.00,0.00,0.00,24000.00,0.00,0.00,0.00,0.00,0.00,0.00,0.00,0.00,24000.00),(444,2014,'General Administration and Support Services','GSIS, HMDF, Philhealth',55,'PS',22692.67,22692.67,22692.67,22692.67,22692.67,22692.67,22692.67,22692.67,22692.67,22692.67,22692.67,22692.67,272312.04),(446,2014,'Operations','Tourism Promotion',55,'MOOE',200000.00,372400.00,210500.00,246500.00,175000.00,269000.00,70000.00,202400.00,217700.00,295000.00,525000.00,120000.00,2903500.00),(447,2014,'Operations','Tourism Standards and Accreditaion',55,'MOOE',0.00,0.00,0.00,150000.00,0.00,0.00,0.00,0.00,0.00,150000.00,0.00,0.00,300000.00),(448,2014,'Operations','Website Development and Data management',55,'MOOE',0.00,177000.00,0.00,177000.00,0.00,177000.00,0.00,177000.00,0.00,177000.00,0.00,0.00,885000.00),(449,2014,'Operations','Tourism Develpoment',55,'MOOE',0.00,328750.00,0.00,0.00,128750.00,0.00,200000.00,128750.00,0.00,0.00,128750.00,0.00,915000.00),(450,2014,'Operations','NO PAPS indicated',56,'MOOE',34333.33,63666.67,63666.67,63666.67,34333.33,34333.33,34333.33,34333.33,34333.33,34333.33,34333.33,34333.35,500000.00),(451,2014,'General Administration and Support Services','Capacity Building',46,'MOOE',0.00,0.00,0.00,0.00,0.00,0.00,0.00,0.00,0.00,0.00,0.00,0.00,0.00),(452,2014,'General Administration and Support Services','Rental and maintenance of provincial offices',39,'MOOE',4250.00,2750.00,7000.00,7000.00,7000.00,7000.00,7000.00,7000.00,7000.00,7000.00,7000.00,7000.00,77000.00),(453,2014,'Support to Operations','Performance and skills enhancement',39,'PS',5000.00,0.00,5000.00,0.00,5000.00,0.00,5000.00,0.00,5000.00,0.00,5000.00,0.00,30000.00),(454,2014,'General Administration and Support Services','Programs and seminars',39,'MOOE',0.00,0.00,0.00,0.00,0.00,0.00,0.00,0.00,0.00,0.00,0.00,0.00,0.00),(455,2014,'Operations','Regional Monitoring Control and Surveillance ',39,'MOOE',5000.00,5000.00,0.00,0.00,5000.00,0.00,0.00,5000.00,0.00,0.00,5000.00,0.00,25000.00),(456,2014,'General Administration and Support Services','Salaries and wages',25,'PS',885500.00,885500.00,885500.00,885500.00,885500.00,885500.00,885500.00,885500.00,885500.00,885500.00,885500.00,885500.00,10626000.00),(457,2014,'General Administration and Support Services','Other Compensation',25,'PS',301830.00,301830.00,301830.00,301830.00,301830.00,301830.00,301830.00,301830.00,301830.00,301830.00,301850.00,301850.00,3622000.00),(458,2014,'General Administration and Support Services','Clothing Allowance',25,'PS',0.00,0.00,195000.00,0.00,0.00,0.00,0.00,0.00,0.00,0.00,0.00,0.00,195000.00),(459,2014,'General Administration and Support Services','PIB',25,'PS',0.00,0.00,0.00,78000.00,0.00,0.00,0.00,0.00,0.00,0.00,0.00,0.00,78000.00),(460,2014,'General Administration and Support Services','YEB and Cash Gift',25,'PS',0.00,0.00,0.00,0.00,540500.00,0.00,0.00,0.00,0.00,0.00,540500.00,0.00,1081000.00),(461,2014,'General Administration and Support Services','Fund Management Activities',25,'MOOE',104000.00,104000.00,155000.00,104000.00,234000.00,155000.00,104000.00,104000.00,155000.00,104000.00,109500.00,109500.00,1542000.00),(462,2014,'Operations','Tax Campaign Networking Activities',25,'MOOE',49100.00,49100.00,49100.00,49100.00,49100.00,49100.00,49100.00,49100.00,49100.00,49100.00,49500.00,49500.00,590000.00),(463,2014,'Operations','Tax Collection Activities',25,'MOOE',60550.00,60550.00,60550.00,60550.00,60550.00,60550.00,60550.00,60550.00,60550.00,60550.00,60750.00,60750.00,727000.00),(464,2014,'Operations','Tax Monitoring Activities',25,'MOOE',34580.00,34580.00,34580.00,34580.00,34580.00,34580.00,34580.00,34580.00,34580.00,34580.00,34600.00,34600.00,415000.00),(465,2014,'Operations','Revenue Planning Activities',25,'MOOE',0.00,0.00,67500.00,0.00,0.00,67500.00,0.00,0.00,67500.00,0.00,0.00,67500.00,270000.00),(466,2014,'Support to Operations','Office Building',25,'CO',0.00,0.00,0.00,0.00,0.00,0.00,0.00,0.00,0.00,0.00,0.00,25000000.00,25000000.00),(467,2014,'General Administration and Support Services','Salaries and wages',6,'PS',154807.00,154807.00,154807.00,154807.00,154807.00,154807.00,154807.00,154807.00,154806.00,154806.00,154806.00,154806.00,1857680.00),(468,2014,'General Administration and Support Services','Clothing Allowance',6,'PS',0.00,0.00,0.00,0.00,80000.00,0.00,0.00,0.00,0.00,0.00,0.00,0.00,80000.00),(469,2014,'General Administration and Support Services','Birth Registration Assistance',6,'MOOE',9000.00,9000.00,9000.00,9000.00,8000.00,8000.00,8000.00,8000.00,8000.00,8000.00,8000.00,8000.00,100000.00),(470,2014,'Operations','Straightening of Tribal Councils in IP Communities in the Implementation of MMA Act 241',6,'MOOE',9000.00,9000.00,9000.00,9000.00,8000.00,8000.00,8000.00,8000.00,8000.00,8000.00,8000.00,8000.00,100000.00),(471,2014,'General Administration and Support Services','Implementation of DILG memo No. 2010-119',6,'MOOE',9000.00,9000.00,9000.00,9000.00,8000.00,8000.00,8000.00,8000.00,8000.00,8000.00,8000.00,8000.00,100000.00),(472,2014,'Operations','Monitoring of Programs and Projects under HELPS Convergence Programs',6,'MOOE',0.00,0.00,25000.00,0.00,0.00,25000.00,0.00,0.00,25000.00,0.00,0.00,25000.00,100000.00),(473,2014,'Operations','Organization of IP Cooperatives in relation to Cluster IV of the 2013 Strategic Plan',6,'MOOE',9000.00,9000.00,9000.00,9000.00,8000.00,8000.00,8000.00,8000.00,8000.00,8000.00,8000.00,8000.00,100000.00),(474,2014,'Support to Operations','Enterprise Development',41,'MOOE',0.00,25000.00,37500.00,100000.00,100000.00,112500.00,0.00,0.00,12500.00,0.00,12500.00,0.00,400000.00),(475,2014,'Support to Operations','Industry Cluster Development',41,'MOOE',0.00,0.00,0.00,180000.00,150000.00,0.00,100000.00,0.00,0.00,0.00,50000.00,0.00,480000.00),(476,2014,'Support to Operations','One Town One Product',41,'MOOE',0.00,5000.00,0.00,0.00,0.00,50000.00,50000.00,15000.00,0.00,0.00,0.00,0.00,120000.00),(478,2014,'General Administration and Support Services','Salaries and wages',7,'PS',64878.00,64878.00,64878.00,64878.00,64878.00,64878.00,64878.00,64878.00,64878.00,64878.00,64878.00,64878.00,778536.00),(479,2014,'General Administration and Support Services','Other Compensation ',7,'PS',17410.00,17411.00,17410.00,17410.00,17411.00,17410.00,17410.00,17411.00,17410.00,17410.00,17411.00,17410.00,208924.00),(480,2014,'General Administration and Support Services','PIB',7,'PS',0.00,0.00,8000.00,0.00,0.00,0.00,0.00,0.00,0.00,0.00,0.00,0.00,8000.00),(481,2014,'General Administration and Support Services','YEB and Cash Gift',7,'PS',0.00,0.00,0.00,0.00,42439.00,0.00,0.00,0.00,0.00,0.00,42439.00,0.00,84878.00),(482,2014,'General Administration and Support Services','Clothing Allowance',7,'PS',0.00,0.00,20000.00,0.00,0.00,0.00,0.00,0.00,0.00,0.00,0.00,0.00,20000.00),(483,2014,'Support to Operations','Seminar/Workshop on Preparation of CLUP (Module 1-4)',7,'MOOE',70833.00,70834.00,70833.00,70833.00,70834.00,70833.00,70833.00,70834.00,70833.00,70833.00,70834.00,70833.00,850000.00),(484,2014,'Support to Operations','Technical Assistance on Preparation on CLUP field visitation for every LGU\'s',7,'MOOE',16667.00,16666.00,16667.00,16667.00,16666.00,16667.00,16667.00,16666.00,16667.00,16667.00,16666.00,16667.00,200000.00),(485,2014,'Operations','Human Rights Protection',23,'MOOE',0.00,34000.00,17000.00,17000.00,17000.00,30000.00,17000.00,17000.00,17000.00,17000.00,17000.00,0.00,200000.00),(486,2014,'Operations','Human Rights Promotion',23,'MOOE',0.00,0.00,0.00,54000.00,54000.00,108000.00,54000.00,54000.00,54000.00,54000.00,54000.00,0.00,486000.00),(487,2014,'Operations','Updating Municipal Human Rights Profile (MHRP)',23,'MOOE',0.00,0.00,0.00,52000.00,52000.00,106000.00,0.00,0.00,0.00,52000.00,52000.00,0.00,314000.00),(493,2014,'Support to Operations','Family Support and Reintegration Services - Family Development Support Program',45,'MOOE',0.00,0.00,0.00,0.00,0.00,0.00,0.00,0.00,0.00,0.00,0.00,0.00,0.00),(494,2014,'Support to Operations','Family Support and Reintegration Services - Organization Capacity Building',45,'MOOE',0.00,12450.00,12450.00,37350.00,37350.00,24900.00,37350.00,37350.00,24900.00,12450.00,12450.00,0.00,249000.00),(495,2014,'Support to Operations','Family Support and Reintegration Services - Livelihood Project Monitoring',45,'MOOE',1000.00,1000.00,1000.00,1000.00,1000.00,1000.00,1000.00,1500.00,1000.00,1500.00,1000.00,0.00,12000.00),(496,2014,'Support to Operations','Institutional Support - Migrant Workers Day',45,'MOOE',0.00,0.00,0.00,0.00,0.00,100000.00,0.00,0.00,0.00,0.00,0.00,0.00,100000.00),(497,2014,'Support to Operations','Institutional Support - OFW Family Day',45,'MOOE',0.00,0.00,0.00,0.00,0.00,0.00,0.00,0.00,0.00,0.00,0.00,100000.00,100000.00),(498,2014,'Support to Operations','Institutional Support - MOFYA',45,'MOOE',0.00,0.00,0.00,0.00,0.00,0.00,0.00,50000.00,0.00,0.00,0.00,0.00,50000.00),(499,2014,'Support to Operations','Institutional Support - Labor Day Celebration',45,'MOOE',0.00,0.00,0.00,0.00,0.00,0.00,0.00,0.00,0.00,0.00,0.00,0.00,0.00),(500,2014,'Support to Operations','Institutional Support - OFW Help Desk Establishment',45,'MOOE',0.00,2000.00,0.00,3000.00,3000.00,2000.00,3000.00,3000.00,2000.00,1000.00,1000.00,0.00,20000.00),(501,2014,'Support to Operations','Institutional Support - CBT dor PODO/Orientation',45,'MOOE',0.00,0.00,0.00,25000.00,0.00,0.00,0.00,25000.00,0.00,0.00,0.00,0.00,50000.00),(502,2014,'Support to Operations','Institutional Support - HELPS Convergence Site Visitation',45,'MOOE',0.00,0.00,0.00,0.00,0.00,0.00,0.00,0.00,0.00,0.00,0.00,0.00,0.00),(503,2014,'Support to Operations','Institutional Support - CBT and Program Orientation',45,'MOOE',0.00,0.00,0.00,37500.00,0.00,0.00,37500.00,0.00,0.00,0.00,0.00,0.00,75000.00),(504,2014,'Support to Operations','A. Capacity Building - capacity building for ENR',38,'MOOE',0.00,0.00,0.00,70000.00,0.00,0.00,0.00,70000.00,0.00,0.00,0.00,0.00,140000.00),(505,2014,'Support to Operations','B. Seedling Production in Support to \"Luntiang Rehiyon\' project - B.1 Nursery Maintenance& Protection',38,'MOOE',0.00,0.00,150000.00,150000.00,150000.00,150000.00,0.00,0.00,0.00,0.00,0.00,0.00,600000.00),(506,2014,'Support to Operations','B.2 Support Services',38,'MOOE',0.00,0.00,0.00,27000.00,27000.00,28000.00,28000.00,28000.00,28000.00,28000.00,28000.00,28000.00,250000.00),(507,2014,'Support to Operations','C. Land Patent Issuance & Management - C.1 Patent Issuance (Handog Titulo)',38,'MOOE',50000.00,50000.00,50000.00,50000.00,50000.00,50000.00,50000.00,50000.00,50000.00,50000.00,50000.00,50000.00,600000.00),(508,2014,'Support to Operations','C.2 Recovery and GPS Observation of Old Monuments Such as PLS, BLLM, etc.',38,'MOOE',4000.00,4000.00,4000.00,4000.00,4000.00,4000.00,4000.00,4000.00,4000.00,4000.00,5000.00,5000.00,50000.00),(509,2014,'Support to Operations','C.3 Land Conflict Resolution',38,'MOOE',2000.00,2000.00,2000.00,2000.00,2000.00,2000.00,2000.00,2000.00,2000.00,2000.00,2000.00,3000.00,25000.00),(510,2014,'Support to Operations','C.4 Lot Survey',38,'MOOE',16000.00,16000.00,16000.00,18000.00,18000.00,18000.00,17000.00,17000.00,17000.00,17000.00,17000.00,17000.00,204000.00),(511,2014,'Support to Operations','D. Monitoring and Enforcement of Environmental Laws on; D.1 Environment Compliance Certificate',38,'MOOE',4000.00,4000.00,4000.00,4000.00,4000.00,5000.00,5000.00,4000.00,4000.00,4000.00,4000.00,4000.00,50000.00),(512,2014,'Support to Operations','D.2 Clean Water and Air Quality',38,'MOOE',4000.00,4000.00,4000.00,5000.00,5000.00,4000.00,4000.00,4000.00,4000.00,4000.00,4000.00,4000.00,50000.00),(513,2014,'Support to Operations','D.3 Solid Waste Management and Disposal',38,'MOOE',0.00,2000.00,3000.00,0.00,3000.00,3000.00,4000.00,4000.00,0.00,4000.00,4000.00,3000.00,30000.00),(514,2014,'General Administration and Support Services','A. Salaries and wages',38,'PS',143256.00,143256.00,143256.00,143256.00,143256.00,143256.00,143256.00,143256.00,143256.00,143256.00,143256.00,143256.00,1719072.00),(515,2014,'General Administration and Support Services','B. Other Compensation',38,'PS',2394.00,2394.00,2394.00,2394.00,2394.00,2394.00,2394.00,2394.00,2393.00,2393.00,2393.00,2393.00,28724.00),(516,2014,'General Administration and Support Services','Clothing Allowance',38,'PS',0.00,0.00,0.00,30000.00,0.00,0.00,0.00,0.00,0.00,0.00,0.00,0.00,30000.00),(517,2014,'General Administration and Support Services','YEB and Cash Gift',38,'PS',0.00,0.00,0.00,0.00,86628.00,0.00,0.00,0.00,0.00,0.00,86628.00,0.00,173256.00),(518,2014,'Support to Operations','E. Identification of Potential Eco-tourism Sites',38,'PS',4000.00,4000.00,4000.00,4000.00,4000.00,5000.00,5000.00,4000.00,4000.00,4000.00,4000.00,4000.00,50000.00),(520,2014,'Support to Operations','Financial Support to Provincial Offices',40,'MOOE',118000.00,0.00,0.00,118000.00,118000.00,0.00,0.00,338000.00,236000.00,236000.00,118000.00,118000.00,1400000.00),(523,2014,'General Administration and Support Services','mgs',4,'PS',0.00,0.00,0.00,0.00,0.00,0.00,0.00,0.00,0.00,0.00,0.00,0.00,0.00),(524,2014,'General Administration and Support Services','abcdefg',4,'MOOE',10000.00,20000.00,5000.00,6000.00,5000.00,10000.00,8000.00,1000.00,9000.00,2000.00,5000.00,2000.00,83000.00),(526,2014,'Operations','Small Enterprise Technology Upgrading',8,'MOOE',89000.00,89000.00,89000.00,89000.00,89000.00,89000.00,89000.00,89000.00,89000.00,89000.00,89000.00,89000.00,1068000.00),(527,2014,'Operations','Project HELPS',8,'MOOE',55000.00,55000.00,55000.00,55000.00,55000.00,55000.00,55000.00,55000.00,55000.00,55000.00,55000.00,55000.00,660000.00),(528,2014,'Operations','Laboratory Upgrading',8,'MOOE',15000.00,15000.00,15000.00,15000.00,15000.00,15000.00,15000.00,15000.00,15000.00,15000.00,15000.00,15000.00,180000.00),(530,2014,'Operations','Laboratory Upgrading',8,'MOOE',26000.00,26000.00,26000.00,26000.00,26000.00,26000.00,26000.00,26000.00,26000.00,26000.00,26000.00,26000.00,312000.00),(531,2014,'Operations','Science and Technology Academic Based Operated Kiosk Station (STARBOOKS)',8,'MOOE',25000.00,25000.00,25000.00,25000.00,25000.00,25000.00,25000.00,25000.00,25000.00,25000.00,25000.00,25000.00,300000.00),(532,2014,'Operations','Philippine Standard Time Project (PST)',8,'MOOE',40000.00,40000.00,40000.00,40000.00,40000.00,40000.00,40000.00,40000.00,40000.00,40000.00,40000.00,40000.00,480000.00),(533,2014,'Operations','Packaging and Labeling Design Project',8,'MOOE',83000.00,83000.00,83000.00,83000.00,83000.00,83000.00,83000.00,83000.00,83000.00,83000.00,83000.00,83000.00,996000.00),(534,2014,'Operations','Research and Development',8,'MOOE',84000.00,84000.00,84000.00,84000.00,84000.00,84000.00,84000.00,84000.00,84000.00,84000.00,84000.00,80000.00,1004000.00),(535,2014,'General Administration and Support Services','General Services',58,'MOOE',20000.00,20000.00,20000.00,20000.00,20000.00,20000.00,20000.00,20000.00,20000.00,20000.00,20000.00,20000.00,240000.00);
/*!40000 ALTER TABLE `wfp_data` ENABLE KEYS */;
UNLOCK TABLES;

--
-- Current Database: `byrenx$rbmo`
--

USE `byrenx$rbmo`;

--
-- Final view structure for view `user_permissions`
--

/*!50001 DROP TABLE IF EXISTS `user_permissions`*/;
/*!50001 DROP VIEW IF EXISTS `user_permissions`*/;
/*!50001 SET @saved_cs_client          = @@character_set_client */;
/*!50001 SET @saved_cs_results         = @@character_set_results */;
/*!50001 SET @saved_col_connection     = @@collation_connection */;
/*!50001 SET character_set_client      = utf8 */;
/*!50001 SET character_set_results     = utf8 */;
/*!50001 SET collation_connection      = utf8_general_ci */;
/*!50001 CREATE ALGORITHM=UNDEFINED */
/*!50013 DEFINER=`byrenx`@`%` SQL SECURITY DEFINER */
/*!50001 VIEW `user_permissions` AS select `auth_user`.`id` AS `id`,`auth_user`.`username` AS `username`,`groups`.`name` AS `name`,`permissions`.`action` AS `action`,`permissions`.`target` AS `target` from ((((`auth_user` join `user_group` on((`user_group`.`user_id` = `auth_user`.`id`))) join `groups` on((`groups`.`id` = `user_group`.`group_id`))) join `group_perm` on((`group_perm`.`group_id` = `groups`.`id`))) join `permissions` on((`permissions`.`id` = `group_perm`.`permission_id`))) */;
/*!50001 SET character_set_client      = @saved_cs_client */;
/*!50001 SET character_set_results     = @saved_cs_results */;
/*!50001 SET collation_connection      = @saved_col_connection */;
/*!40103 SET TIME_ZONE=@OLD_TIME_ZONE */;

/*!40101 SET SQL_MODE=@OLD_SQL_MODE */;
/*!40014 SET FOREIGN_KEY_CHECKS=@OLD_FOREIGN_KEY_CHECKS */;
/*!40014 SET UNIQUE_CHECKS=@OLD_UNIQUE_CHECKS */;
/*!40101 SET CHARACTER_SET_CLIENT=@OLD_CHARACTER_SET_CLIENT */;
/*!40101 SET CHARACTER_SET_RESULTS=@OLD_CHARACTER_SET_RESULTS */;
/*!40101 SET COLLATION_CONNECTION=@OLD_COLLATION_CONNECTION */;
/*!40111 SET SQL_NOTES=@OLD_SQL_NOTES */;

-- Dump completed on 2015-01-09  5:22:41
